destination,accommodation_cost_per_day,food_cost_per_day,local_transport_cost_per_day,sightseeing_cost_per_day,budget_tier
Goa,1250,625,375,250,Moderate
Jaipur,1100,550,330,220,Moderate
Matheran,900,450,270,180,Moderate
Lonavala,950,475,285,190,Moderate
Mumbai,1400,700,420,280,Luxury
Udaipur,1300,650,390,260,Luxury
Munnar,1050,525,315,210,Moderate
Gokarna,800,400,240,160,Budget
Hampi,850,425,255,170,Budget
Manali,1200,600,360,240,Moderate
Aurangabad,950,475,285,190,Moderate
Rajkot,950,475,285,190,Moderate
Bahraich,950,475,285,190,Moderate
Ujjain,950,475,285,190,Moderate
Erode,950,475,285,190,Moderate
Junagadh,950,475,285,190,Moderate
Hodal,950,475,285,190,Moderate
Surat,950,475,285,190,Moderate
Gandhinagar,950,475,285,190,Moderate
Ajmer,950,475,285,190,Moderate
Ghaziabad,950,475,285,190,Moderate
Orchha,950,475,285,190,Moderate
Cuttack,950,475,285,190,Moderate
Jodhpur,950,475,285,190,Moderate
Daman,950,475,285,190,Moderate
Jabalpur,950,475,285,190,Moderate
Dhar,1000,500,300,200,Moderate
Hastinapur,950,475,285,190,Moderate
Agar,950,475,285,190,Moderate
Balrampur,950,475,285,190,Moderate
Aligarh,950,475,285,190,Moderate
Farrukhabad,950,475,285,190,Moderate
Meerut,950,475,285,190,Moderate
Bengaluru,950,475,285,190,Moderate
Pondicherry,1250,625,375,250,Moderate
Ambala,950,475,285,190,Moderate
Kozhikode,950,475,285,190,Moderate
Imphal,950,475,285,190,Moderate
Pune,950,475,285,190,Moderate
Balotra,950,475,285,190,Moderate
Tirunelveli,950,475,285,190,Moderate
Coimbatore,950,475,285,190,Moderate
Vadodara,950,475,285,190,Moderate
Kolhapur,950,475,285,190,Moderate
Ulhasnagar,950,475,285,190,Moderate
Kanchipuram,950,475,285,190,Moderate
Bareilly,950,475,285,190,Moderate
Shillong,950,475,285,190,Moderate
Bikaner,950,475,285,190,Moderate
Patiala,950,475,285,190,Moderate
Nagpur,950,475,285,190,Moderate
Srivijayapuram,950,475,285,190,Moderate
Thane,950,475,285,190,Moderate
Tiruchirappalli,950,475,285,190,Moderate
Mysore,950,475,285,190,Moderate
Jamnagar,950,475,285,190,Moderate
Narmadapuram,950,475,285,190,Moderate
Akola,950,475,285,190,Moderate
Solan,950,475,285,190,Moderate
Sanguem,950,475,285,190,Moderate
Bidar,950,475,285,190,Moderate
Panaji,950,475,285,190,Moderate
Kochi,950,475,285,190,Moderate
Salem,950,475,285,190,Moderate
Amroha,950,475,285,190,Moderate
Kollam,950,475,285,190,Moderate
Kurukshetra,950,475,285,190,Moderate
Cuddalore,950,475,285,190,Moderate
Dhanbad,950,475,285,190,Moderate
V.S.K.Valasai,950,475,285,190,Moderate
Jhansi,1000,500,300,200,Moderate
Belgaum,950,475,285,190,Moderate
Anupshahr,950,475,285,190,Moderate
Saharanpur,950,475,285,190,Moderate
Bachhraon,950,475,285,190,Moderate
Udupi,950,475,285,190,Moderate
Sarnath,950,475,285,190,Moderate
Noida,950,475,285,190,Moderate
Sri Ganganagar,950,475,285,190,Moderate
Margao,950,475,285,190,Moderate
Yavatmal,950,475,285,190,Moderate
Sambhal,950,475,285,190,Moderate
Burhanpur,950,475,285,190,Moderate
Madurai,950,475,285,190,Moderate
Singrauli,950,475,285,190,Moderate
Amravati,950,475,285,190,Moderate
Phagwara,950,475,285,190,Moderate
Malegaon,950,475,285,190,Moderate
Bhavnagar,950,475,285,190,Moderate
Anklav,950,475,285,190,Moderate
Arrah,950,475,285,190,Moderate
Haridwar,950,475,285,190,Moderate
Kohima,950,475,285,190,Moderate
Jammu,950,475,285,190,Moderate
Jaisalmer,950,475,285,190,Moderate
Surendranagar,950,475,285,190,Moderate
Nandura,950,475,285,190,Moderate
Anandpur Sahib,950,475,285,190,Moderate
Rishikesh,950,475,285,190,Moderate
Auroville,950,475,285,190,Moderate
Azamgarh,950,475,285,190,Moderate
Nadiad,950,475,285,190,Moderate
Ballari,950,475,285,190,Moderate
Vellore,950,475,285,190,Moderate
Panna,950,475,285,190,Moderate
Kodaikanal,1100,550,330,220,Moderate
Akbarpur,950,475,285,190,Moderate
Moradabad,950,475,285,190,Moderate
Bhilai,950,475,285,190,Moderate
Ashoknagar,950,475,285,190,Moderate
Gaya,950,475,285,190,Moderate
Moga,950,475,285,190,Moderate
Kota,950,475,285,190,Moderate
Bagalkot,950,475,285,190,Moderate
Solapur,950,475,285,190,Moderate
Akhnoor,950,475,285,190,Moderate
Kanniyakumari,950,475,285,190,Moderate
Leh,950,475,285,190,Moderate
Amreli,950,475,285,190,Moderate
Gurgaon,950,475,285,190,Moderate
Sangli,950,475,285,190,Moderate
Bishnupur,950,475,285,190,Moderate
Dispur,950,475,285,190,Moderate
Siddipet,950,475,285,190,Moderate
Abohar,950,475,285,190,Moderate
Kalimpong,950,475,285,190,Moderate
Veraval,950,475,285,190,Moderate
Ichalkaranji,950,475,285,190,Moderate
Anjangaon,950,475,285,190,Moderate
Raipur,950,475,285,190,Moderate
Patan,950,475,285,190,Moderate
Ambernath,950,475,285,190,Moderate
Valsad,950,475,285,190,Moderate
Avadi,950,475,285,190,Moderate
Batala,950,475,285,190,Moderate
Kapurthala,950,475,285,190,Moderate
Prayagraj,950,475,285,190,Moderate
Etawah,950,475,285,190,Moderate
Barwani,950,475,285,190,Moderate
Gangtok,950,475,285,190,Moderate
Chandrapur,950,475,285,190,Moderate
Pushkar,950,475,285,190,Moderate
Dharamshala,950,475,285,190,Moderate
Bhuj,950,475,285,190,Moderate
Punalur,950,475,285,190,Moderate
Srikakulam,950,475,285,190,Moderate
Tamralipta,950,475,285,190,Moderate
Kottayam,950,475,285,190,Moderate
Chas,950,475,285,190,Moderate
Bhilwara,950,475,285,190,Moderate
Budaun,950,475,285,190,Moderate
Dindigul,950,475,285,190,Moderate
Nanded-Waghala,950,475,285,190,Moderate
Tiruppur,950,475,285,190,Moderate
Nagercoil,950,475,285,190,Moderate
Bilara,950,475,285,190,Moderate
Bijnor,950,475,285,190,Moderate
Fatehpur Sikri,950,475,285,190,Moderate
Faizabad,950,475,285,190,Moderate
Bhubaneswar,950,475,285,190,Moderate
Dwarka,1000,500,300,200,Moderate
Varanasi,950,475,285,190,Moderate
Barnala,950,475,285,190,Moderate
Shimla,950,475,285,190,Moderate
Beawar,950,475,285,190,Moderate
Bhiwani,950,475,285,190,Moderate
Basavakalyan,950,475,285,190,Moderate
Baramati,950,475,285,190,Moderate
Nanded,950,475,285,190,Moderate
Baripada,950,475,285,190,Moderate
Ananthapuram,950,475,285,190,Moderate
Beed,950,475,285,190,Moderate
Bhiwandi,950,475,285,190,Moderate
Bhagalpur,950,475,285,190,Moderate
Mancherial,950,475,285,190,Moderate
Tiruvannamalai,950,475,285,190,Moderate
Bhopal,950,475,285,190,Moderate
Bharuch,950,475,285,190,Moderate
Gwalior,950,475,285,190,Moderate
Khajuraho,950,475,285,190,Moderate
Karur,950,475,285,190,Moderate
Biswanath Chariali,950,475,285,190,Moderate
Ayodhya,950,475,285,190,Moderate
Dhule,950,475,285,190,Moderate
Bundi,950,475,285,190,Moderate
Machilipatnam,950,475,285,190,Moderate
Bilaspur,950,475,285,190,Moderate
Chengalpattu,950,475,285,190,Moderate
Ratlam,950,475,285,190,Moderate
Thiruvananthapuram,950,475,285,190,Moderate
Panipat,950,475,285,190,Moderate
Aizawl,950,475,285,190,Moderate
Kanpur,950,475,285,190,Moderate
Baramulla,950,475,285,190,Moderate
Bokaro Steel City,950,475,285,190,Moderate
Bathinda,950,475,285,190,Moderate
Bulandshahr,950,475,285,190,Moderate
Sambalpur,950,475,285,190,Moderate
Ganj Basoda,950,475,285,190,Moderate
Dungarpur,950,475,285,190,Moderate
Bari,950,475,285,190,Moderate
Katni,950,475,285,190,Moderate
Thrissur,950,475,285,190,Moderate
Barmer,950,475,285,190,Moderate
Bina-Etawa,950,475,285,190,Moderate
Rawatsar,950,475,285,190,Moderate
Maihar,950,475,285,190,Moderate
Bhawanipatna,950,475,285,190,Moderate
Patna,950,475,285,190,Moderate
Faridkot,950,475,285,190,Moderate
Sivasagar,950,475,285,190,Moderate
Nabha,950,475,285,190,Moderate
Gokak,950,475,285,190,Moderate
Hanumangarh,950,475,285,190,Moderate
Hindaun,950,475,285,190,Moderate
Jejuri,950,475,285,190,Moderate
Jhunjhunu,950,475,285,190,Moderate
Eluru,950,475,285,190,Moderate
Mormugao,950,475,285,190,Moderate
Khuldabad,950,475,285,190,Moderate
Maghar,950,475,285,190,Moderate
Hazaribagh,950,475,285,190,Moderate
Raigarh,950,475,285,190,Moderate
Dibrugarh,950,475,285,190,Moderate
Jaunpur,950,475,285,190,Moderate
Wardha,950,475,285,190,Moderate
Sagar,950,475,285,190,Moderate
Sribhumi,950,475,285,190,Moderate
Tezpur,950,475,285,190,Moderate
Jind,950,475,285,190,Moderate
Ghazipur,950,475,285,190,Moderate
Deoghar,950,475,285,190,Moderate
Puttur,950,475,285,190,Moderate
Darbhanga,950,475,285,190,Moderate
Hardoi,950,475,285,190,Moderate
Datia,950,475,285,190,Moderate
Muzaffarpur,950,475,285,190,Moderate
Firozabad,950,475,285,190,Moderate
Purnia,950,475,285,190,Moderate
Ramnagar,950,475,285,190,Moderate
Chiplun,950,475,285,190,Moderate
Haldwani,950,475,285,190,Moderate
Mira-Bhayandar,950,475,285,190,Moderate
Ongole,950,475,285,190,Moderate
Gohad,950,475,285,190,Moderate
Pathankot,950,475,285,190,Moderate
Yamunanagar,950,475,285,190,Moderate
Anand,950,475,285,190,Moderate
Doddaballapura,950,475,285,190,Moderate
Dewas,950,475,285,190,Moderate
Motihari,950,475,285,190,Moderate
Doraha,950,475,285,190,Moderate
Vidisha,950,475,285,190,Moderate
Gurdaspur,950,475,285,190,Moderate
Jaora,950,475,285,190,Moderate
Dholpur,950,475,285,190,Moderate
Karaikudi,950,475,285,190,Moderate
Chümoukedima,950,475,285,190,Moderate
Kashipur,950,475,285,190,Moderate
Hisar,950,475,285,190,Moderate
Rajahmundry,950,475,285,190,Moderate
Baran,950,475,285,190,Moderate
Hathras,950,475,285,190,Moderate
Gumla,950,475,285,190,Moderate
Dumka,950,475,285,190,Moderate
Khandwa,950,475,285,190,Moderate
Rampur,950,475,285,190,Moderate
Dibiyapur,950,475,285,190,Moderate
Pilibhit,950,475,285,190,Moderate
Mahoba,950,475,285,190,Moderate
Malerkotla,950,475,285,190,Moderate
Lalitpur,950,475,285,190,Moderate
Etah,950,475,285,190,Moderate
Khambhat,950,475,285,190,Moderate
Chunar,950,475,285,190,Moderate
Palakkad,950,475,285,190,Moderate
Tirupati,950,475,285,190,Moderate
Shahabad,950,475,285,190,Moderate
Rohtak,950,475,285,190,Moderate
Jagdalpur,950,475,285,190,Moderate
Sivaganga,950,475,285,190,Moderate
Morena,950,475,285,190,Moderate
Gondal,950,475,285,190,Moderate
