food_name,destination,state,cuisine,type,course,flavor_profile,ingredients,description,famous_at
Balu Shahi,Kolkata,West Bengal,East Indian,vegetarian,Dessert,Sweet,"Maida flour, yogurt, oil, sugar","Traditional sweet dessert from West Bengal. Prepared with Maida flour, yogurt, oil, sugar.",Authentic regional dining spots across West Bengal
Boondi,Jaipur,Rajasthan,West Indian,vegetarian,Dessert,Sweet,"Gram flour, ghee, sugar","Traditional sweet dessert from Rajasthan. Prepared with Gram flour, ghee, sugar.",Authentic regional dining spots across Rajasthan
Gajar Ka Halwa,Amritsar,Punjab,North Indian,vegetarian,Dessert,Sweet,"Carrots, milk, sugar, ghee, cashews, raisins","Traditional sweet dessert from Punjab. Prepared with Carrots, milk, sugar, ghee, cashews, raisins.",Authentic regional dining spots across Punjab
Ghevar,Jaipur,Rajasthan,West Indian,vegetarian,Dessert,Sweet,"Flour, ghee, kewra, milk, clarified butter, sugar, almonds, pistachio, saffron, green cardamom","Traditional sweet dessert from Rajasthan. Prepared with Flour, ghee, kewra, milk, clarified butter, sugar, almonds, pistachio, saffron, green cardamom.",Authentic regional dining spots across Rajasthan
Gulab Jamun,Kolkata,West Bengal,East Indian,vegetarian,Dessert,Sweet,"Milk powder, plain flour, baking powder, ghee, milk, sugar, water, rose water","Traditional sweet dessert from West Bengal. Prepared with Milk powder, plain flour, baking powder, ghee, milk, sugar, water, rose water.",Authentic regional dining spots across West Bengal
Imarti,Kolkata,West Bengal,East Indian,vegetarian,Dessert,Sweet,"Sugar syrup, lentil flour","Traditional sweet dessert from West Bengal. Prepared with Sugar syrup, lentil flour.",Authentic regional dining spots across West Bengal
Jalebi,Agra,Uttar Pradesh,North Indian,vegetarian,Dessert,Sweet,"Maida, corn flour, baking soda, vinegar, curd, water, turmeric, saffron, cardamom","Traditional sweet dessert from Uttar Pradesh. Prepared with Maida, corn flour, baking soda, vinegar, curd, water, turmeric, saffron, cardamom.",Authentic regional dining spots across Uttar Pradesh
Kaju Katli,India,India,Indian,vegetarian,Dessert,Sweet,"Cashews, ghee, cardamom, sugar","Traditional sweet dessert from India. Prepared with Cashews, ghee, cardamom, sugar.",Authentic regional dining spots across India
Kalakand,Kolkata,West Bengal,East Indian,vegetarian,Dessert,Sweet,"Milk, cottage cheese, sugar","Traditional sweet dessert from West Bengal. Prepared with Milk, cottage cheese, sugar.",Authentic regional dining spots across West Bengal
Kheer,India,India,Indian,vegetarian,Dessert,Sweet,"Milk, rice, sugar, dried fruits","Traditional sweet dessert from India. Prepared with Milk, rice, sugar, dried fruits.",Authentic regional dining spots across India
Laddu,India,India,Indian,vegetarian,Dessert,Sweet,"Gram flour, ghee, sugar","Traditional sweet dessert from India. Prepared with Gram flour, ghee, sugar.",Authentic regional dining spots across India
Lassi,Amritsar,Punjab,North Indian,vegetarian,Dessert,Sweet,"Yogurt, milk, nuts, sugar","Traditional sweet dessert from Punjab. Prepared with Yogurt, milk, nuts, sugar.",Authentic regional dining spots across Punjab
Nankhatai,India,India,Indian,vegetarian,Dessert,Sweet,"Refined flour, besan, ghee, powdered sugar, yoghurt, green cardamom","Traditional sweet dessert from India. Prepared with Refined flour, besan, ghee, powdered sugar, yoghurt, green cardamom.",Authentic regional dining spots across India
Petha,Agra,Uttar Pradesh,North Indian,vegetarian,Dessert,Sweet,"Firm white pumpkin, sugar, kitchen lime, alum powder","Traditional sweet dessert from Uttar Pradesh. Prepared with Firm white pumpkin, sugar, kitchen lime, alum powder.",Authentic regional dining spots across Uttar Pradesh
Phirni,Puri,Odisha,East Indian,vegetarian,Dessert,Sweet,"Rice, sugar, nuts","Traditional sweet dessert from Odisha. Prepared with Rice, sugar, nuts.",Authentic regional dining spots across Odisha
Rabri,Agra,Uttar Pradesh,North Indian,vegetarian,Dessert,Sweet,"Condensed milk, sugar, spices, nuts","Traditional sweet dessert from Uttar Pradesh. Prepared with Condensed milk, sugar, spices, nuts.",Authentic regional dining spots across Uttar Pradesh
Sheera,Mumbai,Maharashtra,West Indian,vegetarian,Dessert,Sweet,"Semolina, ghee, nuts, milk","Traditional sweet dessert from Maharashtra. Prepared with Semolina, ghee, nuts, milk.",Authentic regional dining spots across Maharashtra
Singori,Rishikesh,Uttarakhand,North Indian,vegetarian,Dessert,Sweet,"Khoa, coconut, molu leaf","Traditional sweet dessert from Uttarakhand. Prepared with Khoa, coconut, molu leaf.",Authentic regional dining spots across Uttarakhand
Sohan Halwa,Agra,Uttar Pradesh,North Indian,vegetarian,Dessert,Sweet,"Corn flour, ghee, dry fruits","Traditional sweet dessert from Uttar Pradesh. Prepared with Corn flour, ghee, dry fruits.",Authentic regional dining spots across Uttar Pradesh
Sohan Papdi,Mumbai,Maharashtra,West Indian,vegetarian,Dessert,Sweet,"Gram flour, ghee, sugar, milk, cardamom","Traditional sweet dessert from Maharashtra. Prepared with Gram flour, ghee, sugar, milk, cardamom.",Authentic regional dining spots across Maharashtra
Chhena Jalebi,Puri,Odisha,East Indian,vegetarian,Dessert,Sweet,"Chhena, sugar, ghee","Traditional sweet dessert from Odisha. Prepared with Chhena, sugar, ghee.",Authentic regional dining spots across Odisha
Chhena Kheeri,Puri,Odisha,East Indian,vegetarian,Dessert,Sweet,"Chhena, sugar, milk","Traditional sweet dessert from Odisha. Prepared with Chhena, sugar, milk.",Authentic regional dining spots across Odisha
Chhena Poda,Puri,Odisha,East Indian,vegetarian,Dessert,Sweet,"Sugar, chenna cheese","Traditional sweet dessert from Odisha. Prepared with Sugar, chenna cheese.",Authentic regional dining spots across Odisha
Cham Cham,Kolkata,West Bengal,East Indian,vegetarian,Dessert,Sweet,"Flour, cream, sugar, saffron, lemon juice, coconut flakes","Traditional sweet dessert from West Bengal. Prepared with Flour, cream, sugar, saffron, lemon juice, coconut flakes.",Authentic regional dining spots across West Bengal
Kheer Sagar,Puri,Odisha,East Indian,vegetarian,Dessert,Sweet,"Chenna, condensed milk, sugar, saffron, cardamom","Traditional sweet dessert from Odisha. Prepared with Chenna, condensed milk, sugar, saffron, cardamom.",Authentic regional dining spots across Odisha
Ledikeni,Kolkata,West Bengal,East Indian,vegetarian,Dessert,Sweet,"Chhena, sugar, ghee","Traditional sweet dessert from West Bengal. Prepared with Chhena, sugar, ghee.",Authentic regional dining spots across West Bengal
Lyangcha,Guwahati,Assam,North east Indian,vegetarian,Dessert,Sweet,"Flour, fried milk power, sugar syrup","Traditional sweet dessert from Assam. Prepared with Flour, fried milk power, sugar syrup.",Authentic regional dining spots across Assam
Malapua,Patna,Bihar,North Indian,vegetarian,Dessert,Sweet,"Yoghurt, refined flour, ghee, fennel seeds","Traditional sweet dessert from Bihar. Prepared with Yoghurt, refined flour, ghee, fennel seeds.",Authentic regional dining spots across Bihar
Mihidana,Kolkata,West Bengal,East Indian,vegetarian,Dessert,Sweet,"Besan flour, sugar, ghee","Traditional sweet dessert from West Bengal. Prepared with Besan flour, sugar, ghee.",Authentic regional dining spots across West Bengal
Misti Doi,Kolkata,West Bengal,East Indian,vegetarian,Dessert,Sweet,"Milk, jaggery","Traditional sweet dessert from West Bengal. Prepared with Milk, jaggery.",Authentic regional dining spots across West Bengal
Pantua,Kolkata,West Bengal,East Indian,vegetarian,Dessert,Sweet,"Chhena, sugar, ghee, flour","Traditional sweet dessert from West Bengal. Prepared with Chhena, sugar, ghee, flour.",Authentic regional dining spots across West Bengal
Pithe,Guwahati,Assam,North east Indian,vegetarian,Dessert,Sweet,"Rice flour, wheat flour","Traditional sweet dessert from Assam. Prepared with Rice flour, wheat flour.",Authentic regional dining spots across Assam
Rasabali,Puri,Odisha,East Indian,vegetarian,Dessert,Sweet,"Chenna, sweetened milk","Traditional sweet dessert from Odisha. Prepared with Chenna, sweetened milk.",Authentic regional dining spots across Odisha
Ras Malai,Kolkata,West Bengal,East Indian,vegetarian,Dessert,Sweet,"Chhena, reduced milk, pistachio","Traditional sweet dessert from West Bengal. Prepared with Chhena, reduced milk, pistachio.",Authentic regional dining spots across West Bengal
Rasgulla,Kolkata,West Bengal,East Indian,vegetarian,Dessert,Sweet,"Chhena, sugar, cardamom","Traditional sweet dessert from West Bengal. Prepared with Chhena, sugar, cardamom.",Authentic regional dining spots across West Bengal
Sandesh,Kolkata,West Bengal,East Indian,vegetarian,Dessert,Sweet,"Milk, sugar, saffron, cardamom","Traditional sweet dessert from West Bengal. Prepared with Milk, sugar, saffron, cardamom.",Authentic regional dining spots across West Bengal
Adhirasam,Kolkata,West Bengal,East Indian,vegetarian,Dessert,Sweet,"Rice flour, jaggery, ghee, vegetable oil, elachi","Traditional sweet dessert from West Bengal. Prepared with Rice flour, jaggery, ghee, vegetable oil, elachi.",Authentic regional dining spots across West Bengal
Ariselu,Andhra Pradesh,Andhra Pradesh,South Indian,vegetarian,Dessert,Sweet,"Rice flour, jaggery, ghee","Traditional sweet dessert from Andhra Pradesh. Prepared with Rice flour, jaggery, ghee.",Authentic regional dining spots across Andhra Pradesh
Bandar Laddu,Andhra Pradesh,Andhra Pradesh,South Indian,vegetarian,Dessert,Sweet,"Besan, jaggery, cardamom powder, ghee, cashews and raisins, jaggery syrup, sugar","Traditional sweet dessert from Andhra Pradesh. Prepared with Besan, jaggery, cardamom powder, ghee, cashews and raisins, jaggery syrup, sugar.",Authentic regional dining spots across Andhra Pradesh
Chikki,Mumbai,Maharashtra,West Indian,vegetarian,Dessert,Sweet,"Peanuts, jaggery","Traditional sweet dessert from Maharashtra. Prepared with Peanuts, jaggery.",Authentic regional dining spots across Maharashtra
Dharwad Pedha,Bangalore,Karnataka,South Indian,vegetarian,Dessert,Sweet,"Milk, Sugar, Dharwadi buffalo milk","Traditional sweet dessert from Karnataka. Prepared with Milk, Sugar, Dharwadi buffalo milk.",Authentic regional dining spots across Karnataka
Double Ka Meetha,Hyderabad,Telangana,South Indian,vegetarian,Dessert,Sweet,"Loaf bread, milk","Traditional sweet dessert from Telangana. Prepared with Loaf bread, milk.",Authentic regional dining spots across Telangana
Gavvalu,Andhra Pradesh,Andhra Pradesh,South Indian,vegetarian,Dessert,Sweet,"Rice flour, sugar, salt, ghee, semolina","Traditional sweet dessert from Andhra Pradesh. Prepared with Rice flour, sugar, salt, ghee, semolina.",Authentic regional dining spots across Andhra Pradesh
Kakinada Khaja,Andhra Pradesh,Andhra Pradesh,South Indian,vegetarian,Dessert,Sweet,"Wheat flour, sugar","Traditional sweet dessert from Andhra Pradesh. Prepared with Wheat flour, sugar.",Authentic regional dining spots across Andhra Pradesh
Kuzhi Paniyaram,Kochi,Kerala,South Indian,vegetarian,Dessert,Sweet,"Black lentils, rice","Traditional sweet dessert from Kerala. Prepared with Black lentils, rice.",Authentic regional dining spots across Kerala
Mysore Pak,Bangalore,Karnataka,South Indian,vegetarian,Dessert,Sweet,"Besan flour, semolina, mung bean, jaggery, coconut, skimmed milk powder, sugar, ghee","Traditional sweet dessert from Karnataka. Prepared with Besan flour, semolina, mung bean, jaggery, coconut, skimmed milk powder, sugar, ghee.",Authentic regional dining spots across Karnataka
Obbattu Holige,Bangalore,Karnataka,South Indian,vegetarian,Main course,Sweet,"Maida flour, turmeric, coconut, chickpeas, jaggery, ghee, cardamom","Traditional sweet main course from Karnataka. Prepared with Maida flour, turmeric, coconut, chickpeas, jaggery, ghee, cardamom.",Authentic regional dining spots across Karnataka
Palathalikalu,Andhra Pradesh,Andhra Pradesh,South Indian,vegetarian,Dessert,Sweet,"Rice flour, milk","Traditional sweet dessert from Andhra Pradesh. Prepared with Rice flour, milk.",Authentic regional dining spots across Andhra Pradesh
Poornalu,Andhra Pradesh,Andhra Pradesh,South Indian,vegetarian,Dessert,Sweet,"Chana dal, jaggery","Traditional sweet dessert from Andhra Pradesh. Prepared with Chana dal, jaggery.",Authentic regional dining spots across Andhra Pradesh
Pongal,Chennai,Tamil Nadu,South Indian,vegetarian,Dessert,Sweet,"Rice, jaggery, cashews, ghee","Traditional sweet dessert from Tamil Nadu. Prepared with Rice, jaggery, cashews, ghee.",Authentic regional dining spots across Tamil Nadu
Pootharekulu,Andhra Pradesh,Andhra Pradesh,South Indian,vegetarian,Dessert,Sweet,"Rice flour, powdered sugar, ghee","Traditional sweet dessert from Andhra Pradesh. Prepared with Rice flour, powdered sugar, ghee.",Authentic regional dining spots across Andhra Pradesh
Qubani Ka Meetha,Hyderabad,Telangana,South Indian,vegetarian,Dessert,Sweet,"Apricots, sugar syrup","Traditional sweet dessert from Telangana. Prepared with Apricots, sugar syrup.",Authentic regional dining spots across Telangana
Sheer Korma,Hyderabad,Telangana,South Indian,vegetarian,Dessert,Sweet,"Vermicelli pudding, milk","Traditional sweet dessert from Telangana. Prepared with Vermicelli pudding, milk.",Authentic regional dining spots across Telangana
Unni Appam,Chennai,Tamil Nadu,South Indian,vegetarian,Dessert,Sweet,"Rice flour, banana, jaggery, coconut","Traditional sweet dessert from Tamil Nadu. Prepared with Rice flour, banana, jaggery, coconut.",Authentic regional dining spots across Tamil Nadu
Kajjikaya,Andhra Pradesh,Andhra Pradesh,South Indian,vegetarian,Dessert,Sweet,"Rice flour, jaggery, coconut","Traditional sweet dessert from Andhra Pradesh. Prepared with Rice flour, jaggery, coconut.",Authentic regional dining spots across Andhra Pradesh
Anarsa,Mumbai,Maharashtra,West Indian,vegetarian,Dessert,Sweet,"Rice flour, jaggery, khus-khus seeds","Traditional sweet dessert from Maharashtra. Prepared with Rice flour, jaggery, khus-khus seeds.",Authentic regional dining spots across Maharashtra
Basundi,Ahmedabad,Gujarat,West Indian,vegetarian,Dessert,Sweet,"Sugar, milk, nuts","Traditional sweet dessert from Gujarat. Prepared with Sugar, milk, nuts.",Authentic regional dining spots across Gujarat
Dhondas,Mumbai,Maharashtra,West Indian,vegetarian,Dessert,Sweet,"Cucumber, rava","Traditional sweet dessert from Maharashtra. Prepared with Cucumber, rava.",Authentic regional dining spots across Maharashtra
Doodhpak,Ahmedabad,Gujarat,West Indian,vegetarian,Dessert,Sweet,"Milk, rice, sugar, dry fruits","Traditional sweet dessert from Gujarat. Prepared with Milk, rice, sugar, dry fruits.",Authentic regional dining spots across Gujarat
Mahim Halwa,Mumbai,Maharashtra,West Indian,vegetarian,Dessert,Sweet,"Semolina, sugar","Traditional sweet dessert from Maharashtra. Prepared with Semolina, sugar.",Authentic regional dining spots across Maharashtra
Modak,Mumbai,Maharashtra,West Indian,vegetarian,Dessert,Sweet,"Rice flour, coconut, jaggery","Traditional sweet dessert from Maharashtra. Prepared with Rice flour, coconut, jaggery.",Authentic regional dining spots across Maharashtra
Shankarpali,Mumbai,Maharashtra,West Indian,vegetarian,Dessert,Sweet,"Sugar, ghee, maida flour, semolina","Traditional sweet dessert from Maharashtra. Prepared with Sugar, ghee, maida flour, semolina.",Authentic regional dining spots across Maharashtra
Shrikhand,Mumbai,Maharashtra,West Indian,vegetarian,Dessert,Sweet,"Curd, sugar, saffron, cardamom","Traditional sweet dessert from Maharashtra. Prepared with Curd, sugar, saffron, cardamom.",Authentic regional dining spots across Maharashtra
Sutar Feni,Mumbai,Maharashtra,West Indian,vegetarian,Dessert,Sweet,"Maida, sugar, ghee","Traditional sweet dessert from Maharashtra. Prepared with Maida, sugar, ghee.",Authentic regional dining spots across Maharashtra
Maach Jhol,Guwahati,Assam,North east Indian,vegetarian,Main course,Spicy,"Fish, potol, tomato, chillies, ginger, garlic","Traditional spicy main course from Assam. Prepared with Fish, potol, tomato, chillies, ginger, garlic.",Authentic regional dining spots across Assam
Pork Bharta,Tripura,Tripura,North east Indian,vegetarian,Main course,Spicy,"Boiled pork, onions, chillies, ginger and garlic","Traditional spicy main course from Tripura. Prepared with Boiled pork, onions, chillies, ginger and garlic.",Authentic regional dining spots across Tripura
Chak Hao Kheer,Manipur,Manipur,North east Indian,vegetarian,Dessert,Sweet,"Rice, milk, sugar, cardamom","Traditional sweet dessert from Manipur. Prepared with Rice, milk, sugar, cardamom.",Authentic regional dining spots across Manipur
Galho,Nagaland,Nagaland,North east Indian,vegetarian,Main course,Spicy,"Rice, axone, salt, water, chillies, pork","Traditional spicy main course from Nagaland. Prepared with Rice, axone, salt, water, chillies, pork.",Authentic regional dining spots across Nagaland
Aloo Gobi,Amritsar,Punjab,North Indian,vegetarian,Main course,Spicy,"Cauliflower, potato, garam masala, turmeric, curry leaves","Traditional spicy main course from Punjab. Prepared with Cauliflower, potato, garam masala, turmeric, curry leaves.",Authentic regional dining spots across Punjab
Aloo Tikki,Amritsar,Punjab,North Indian,vegetarian,Main course,Spicy,"Rice flour, potato, bread crumbs, garam masala, salt","Traditional spicy main course from Punjab. Prepared with Rice flour, potato, bread crumbs, garam masala, salt.",Authentic regional dining spots across Punjab
Aloo Matar,Amritsar,Punjab,North Indian,vegetarian,Main course,Spicy,"Potato, peas, chillies, ginger, garam masala, garlic","Traditional spicy main course from Punjab. Prepared with Potato, peas, chillies, ginger, garam masala, garlic.",Authentic regional dining spots across Punjab
Aloo Methi,Amritsar,Punjab,North Indian,vegetarian,Main course,Bitter,"Potato, fenugreek leaves, chillies, salt, oil","Traditional bitter main course from Punjab. Prepared with Potato, fenugreek leaves, chillies, salt, oil.",Authentic regional dining spots across Punjab
Aloo Shimla Mirch,Amritsar,Punjab,North Indian,vegetarian,Main course,Spicy,"Potato, shimla mirch, garam masala, amchur powder, salt","Traditional spicy main course from Punjab. Prepared with Potato, shimla mirch, garam masala, amchur powder, salt.",Authentic regional dining spots across Punjab
Bhatura,Amritsar,Punjab,North Indian,vegetarian,Main course,Spicy,"Chole, rava, yogurt, plain flour, baking soda","Traditional spicy main course from Punjab. Prepared with Chole, rava, yogurt, plain flour, baking soda.",Authentic regional dining spots across Punjab
Bhindi Masala,Amritsar,Punjab,North Indian,vegetarian,Main course,Spicy,"Ladies finger, garam masala, kasuri methi, tomatoes, chili powder","Traditional spicy main course from Punjab. Prepared with Ladies finger, garam masala, kasuri methi, tomatoes, chili powder.",Authentic regional dining spots across Punjab
Biryani,Hyderabad,Telangana,South Indian,vegetarian,Main course,Spicy,"Chicken thighs, basmati rice, star anise, sweet, green chillies","Traditional spicy main course from Telangana. Prepared with Chicken thighs, basmati rice, star anise, sweet, green chillies.",Authentic regional dining spots across Telangana
Butter Chicken,Nct Of Delhi,Nct Of Delhi,North Indian,vegetarian,Main course,Spicy,"Chicken, greek yogurt, cream, garam masala powder, cashew nuts, butter","Traditional spicy main course from Nct Of Delhi. Prepared with Chicken, greek yogurt, cream, garam masala powder, cashew nuts, butter.",Authentic regional dining spots across Nct Of Delhi
Chana Masala,Amritsar,Punjab,North Indian,vegetarian,Main course,Spicy,"Chickpeas, tomato paste, garam masala, ginger, red onion, avocado oil","Traditional spicy main course from Punjab. Prepared with Chickpeas, tomato paste, garam masala, ginger, red onion, avocado oil.",Authentic regional dining spots across Punjab
Chapati,Mumbai,Maharashtra,West Indian,vegetarian,Main course,Savory,"Whole wheat flour, olive oil, hot water, all purpose flour","Traditional savory main course from Maharashtra. Prepared with Whole wheat flour, olive oil, hot water, all purpose flour.",Authentic regional dining spots across Maharashtra
Chicken Razala,Kolkata,West Bengal,East Indian,vegetarian,Main course,Spicy,"Chicken, dahi, sesame seeds, garam masala powder, cashew nuts, saffron","Traditional spicy main course from West Bengal. Prepared with Chicken, dahi, sesame seeds, garam masala powder, cashew nuts, saffron.",Authentic regional dining spots across West Bengal
Chicken Tikka Masala,Amritsar,Punjab,North Indian,vegetarian,Main course,Spicy,"Naan bread, tomato sauce, skinless chicken breasts, heavy cream, garam masala","Traditional spicy main course from Punjab. Prepared with Naan bread, tomato sauce, skinless chicken breasts, heavy cream, garam masala.",Authentic regional dining spots across Punjab
Chicken Tikka,Amritsar,Punjab,North Indian,vegetarian,Starter,Spicy,"Chicken, whole wheat bread, rice flour, garam masala powder, whole egg","Traditional spicy starter from Punjab. Prepared with Chicken, whole wheat bread, rice flour, garam masala powder, whole egg.",Authentic regional dining spots across Punjab
Chole Bhature,Amritsar,Punjab,North Indian,vegetarian,Main course,Spicy,"Chole, bhatura, garam masala, bay leaf, cinnamon stick","Traditional spicy main course from Punjab. Prepared with Chole, bhatura, garam masala, bay leaf, cinnamon stick.",Authentic regional dining spots across Punjab
Daal Baati Churma,Jaipur,Rajasthan,West Indian,vegetarian,Main course,Spicy,"Moong dal, masoor dal, chana dal, wheat flour, almond","Traditional spicy main course from Rajasthan. Prepared with Moong dal, masoor dal, chana dal, wheat flour, almond.",Authentic regional dining spots across Rajasthan
Daal Puri,Kolkata,West Bengal,East Indian,vegetarian,Main course,Spicy,"Moong dal, garam masala powder, garlic, green chilli, all purpose flour","Traditional spicy main course from West Bengal. Prepared with Moong dal, garam masala powder, garlic, green chilli, all purpose flour.",Authentic regional dining spots across West Bengal
Dal Makhani,Amritsar,Punjab,North Indian,vegetarian,Main course,Sweet,"Red kidney beans, urad dal, cream, garam masala, chili powder","Traditional sweet main course from Punjab. Prepared with Red kidney beans, urad dal, cream, garam masala, chili powder.",Authentic regional dining spots across Punjab
Dal Tadka,Amritsar,Punjab,North Indian,vegetarian,Main course,Spicy,"Pigeon peas, garam masala, ginger, red onion, kasuri methi","Traditional spicy main course from Punjab. Prepared with Pigeon peas, garam masala, ginger, red onion, kasuri methi.",Authentic regional dining spots across Punjab
Dum Aloo,Jammu & Kashmir,Jammu & Kashmir,North Indian,vegetarian,Main course,Spicy,"Baby potatoes, garam masala, cashew nuts, kasuri methi, tomatoes","Traditional spicy main course from Jammu & Kashmir. Prepared with Baby potatoes, garam masala, cashew nuts, kasuri methi, tomatoes.",Authentic regional dining spots across Jammu & Kashmir
Poha,Mumbai,Maharashtra,West Indian,vegetarian,Snack,Spicy,"Beaten rice flakes, potato, curry leaves, green chilies, lemon juice","Traditional spicy snack from Maharashtra. Prepared with Beaten rice flakes, potato, curry leaves, green chilies, lemon juice.",Authentic regional dining spots across Maharashtra
Fara,Chhattisgarh,Chhattisgarh,Central Indian,vegetarian,Snack,Spicy,"Chana dal, whole wheat flour, arhar dal, white urad dal, garam masala powder","Traditional spicy snack from Chhattisgarh. Prepared with Chana dal, whole wheat flour, arhar dal, white urad dal, garam masala powder.",Authentic regional dining spots across Chhattisgarh
Kachori,Agra,Uttar Pradesh,North Indian,vegetarian,Snack,Spicy,"Moong dal, rava, garam masala, dough, fennel seeds","Traditional spicy snack from Uttar Pradesh. Prepared with Moong dal, rava, garam masala, dough, fennel seeds.",Authentic regional dining spots across Uttar Pradesh
Kadai Paneer,Amritsar,Punjab,North Indian,vegetarian,Main course,Spicy,"Cottage cheese, bell peppers, gravy, garam masala, cashew nuts","Traditional spicy main course from Punjab. Prepared with Cottage cheese, bell peppers, gravy, garam masala, cashew nuts.",Authentic regional dining spots across Punjab
Kadhi Pakoda,Haryana,Haryana,North Indian,vegetarian,Main course,Spicy,"Besan, garam masala powder, gram flour, ginger, curry leaves","Traditional spicy main course from Haryana. Prepared with Besan, garam masala powder, gram flour, ginger, curry leaves.",Authentic regional dining spots across Haryana
Karela Bharta,Amritsar,Punjab,North Indian,vegetarian,Main course,Bitter,"Bitter gourd, fennel, garam masala powder, chili powder, amchur powder","Traditional bitter main course from Punjab. Prepared with Bitter gourd, fennel, garam masala powder, chili powder, amchur powder.",Authentic regional dining spots across Punjab
Khichdi,India,India,Indian,vegetarian,Main course,Spicy,"Moong dal, green peas, ginger, tomato, green chili","Traditional spicy main course from India. Prepared with Moong dal, green peas, ginger, tomato, green chili.",Authentic regional dining spots across India
Kofta,Agra,Uttar Pradesh,North Indian,vegetarian,Main course,Spicy,"Paneer, potato, cream, corn flour, garam masala","Traditional spicy main course from Uttar Pradesh. Prepared with Paneer, potato, cream, corn flour, garam masala.",Authentic regional dining spots across Uttar Pradesh
Kulfi Falooda,India,India,Indian,vegetarian,Dessert,Sweet,"Rose syrup, falooda sev, mixed nuts, saffron, sugar","Traditional sweet dessert from India. Prepared with Rose syrup, falooda sev, mixed nuts, saffron, sugar.",Authentic regional dining spots across India
Lauki Ke Kofte,Agra,Uttar Pradesh,North Indian,vegetarian,Main course,Spicy,"Bottle gourd, garam masala powder, gram flour, ginger, chillies","Traditional spicy main course from Uttar Pradesh. Prepared with Bottle gourd, garam masala powder, gram flour, ginger, chillies.",Authentic regional dining spots across Uttar Pradesh
Lauki Ki Subji,India,India,Indian,vegetarian,Main course,Spicy,"Bottle gourd, coconut oil, garam masala, ginger, green chillies","Traditional spicy main course from India. Prepared with Bottle gourd, coconut oil, garam masala, ginger, green chillies.",Authentic regional dining spots across India
Litti Chokha,Patna,Bihar,North Indian,vegetarian,Main course,Spicy,"Wheat flour, roasted gram flour, tomato, nigella seeds, chilli","Traditional spicy main course from Bihar. Prepared with Wheat flour, roasted gram flour, tomato, nigella seeds, chilli.",Authentic regional dining spots across Bihar
Makki Di Roti Sarson Da Saag,Amritsar,Punjab,North Indian,vegetarian,Main course,Spicy,"Palak, makki atta, mustard green, garam masala, ginger","Traditional spicy main course from Punjab. Prepared with Palak, makki atta, mustard green, garam masala, ginger.",Authentic regional dining spots across Punjab
Misi Roti,Amritsar,Punjab,North Indian,vegetarian,Main course,Spicy,"Whole wheat flour, chickpea flour, green chilies","Traditional spicy main course from Punjab. Prepared with Whole wheat flour, chickpea flour, green chilies.",Authentic regional dining spots across Punjab
Mushroom Do Pyaza,Amritsar,Punjab,North Indian,vegetarian,Main course,Spicy,"Mushroom, malai, garam masala, ginger, capsicum","Traditional spicy main course from Punjab. Prepared with Mushroom, malai, garam masala, ginger, capsicum.",Authentic regional dining spots across Punjab
Mushroom Matar,Amritsar,Punjab,North Indian,vegetarian,Main course,Spicy,"Canned coconut milk, frozen green peas, wild mushrooms, garam masala, tomatoes","Traditional spicy main course from Punjab. Prepared with Canned coconut milk, frozen green peas, wild mushrooms, garam masala, tomatoes.",Authentic regional dining spots across Punjab
Naan,Amritsar,Punjab,North Indian,vegetarian,Main course,Savory,"Whole wheat flour, honey, butter, garlic","Traditional savory main course from Punjab. Prepared with Whole wheat flour, honey, butter, garlic.",Authentic regional dining spots across Punjab
Navrattan Korma,Agra,Uttar Pradesh,North Indian,vegetarian,Main course,Spicy,"Green beans, potatoes, khus khus, low fat, garam masala powder","Traditional spicy main course from Uttar Pradesh. Prepared with Green beans, potatoes, khus khus, low fat, garam masala powder.",Authentic regional dining spots across Uttar Pradesh
Palak Paneer,Amritsar,Punjab,North Indian,vegetarian,Main course,Spicy,"Cottage cheese, palak, cream, garam masala, butter","Traditional spicy main course from Punjab. Prepared with Cottage cheese, palak, cream, garam masala, butter.",Authentic regional dining spots across Punjab
Paneer Butter Masala,Amritsar,Punjab,North Indian,vegetarian,Main course,Spicy,"Paneer, whipping cream, garam masala, cashew nuts, butter","Traditional spicy main course from Punjab. Prepared with Paneer, whipping cream, garam masala, cashew nuts, butter.",Authentic regional dining spots across Punjab
Paneer Tikka Masala,Amritsar,Punjab,North Indian,vegetarian,Main course,Spicy,"Paneer, greek yogurt, tandoori masala, cream, bell pepper","Traditional spicy main course from Punjab. Prepared with Paneer, greek yogurt, tandoori masala, cream, bell pepper.",Authentic regional dining spots across Punjab
Pani Puri,India,India,Indian,vegetarian,Snack,Spicy,"Kala chana, mashed potato, boondi, sev, lemon","Traditional spicy snack from India. Prepared with Kala chana, mashed potato, boondi, sev, lemon.",Authentic regional dining spots across India
Panjeeri,Agra,Uttar Pradesh, Indian,vegetarian,Dessert,Sweet,"Whole wheat flour, musk melon seeds, poppy seeds, edible gum, semolina","Traditional sweet dessert from Uttar Pradesh. Prepared with Whole wheat flour, musk melon seeds, poppy seeds, edible gum, semolina.",Authentic regional dining spots across Uttar Pradesh
Papad,India,India,Indian,vegetarian,Snack,Spicy,"Urad dal, sev, lemon juice, chopped tomatoes","Traditional spicy snack from India. Prepared with Urad dal, sev, lemon juice, chopped tomatoes.",Authentic regional dining spots across India
Paratha,Amritsar,Punjab,North Indian,vegetarian,Main course,Spicy,"Wheat flour, butter, potato, coriander","Traditional spicy main course from Punjab. Prepared with Wheat flour, butter, potato, coriander.",Authentic regional dining spots across Punjab
Pattor,Jaipur,Rajasthan,West Indian,vegetarian,Main course,Spicy,"Arbi ke patte, sesame seeds, gur, bengal gram flour, imli","Traditional spicy main course from Rajasthan. Prepared with Arbi ke patte, sesame seeds, gur, bengal gram flour, imli.",Authentic regional dining spots across Rajasthan
Pindi Chana,Amritsar,Punjab,North Indian,vegetarian,Main course,Spicy,"Fennel, tea bags, tomato, kasuri methi, cinnamon","Traditional spicy main course from Punjab. Prepared with Fennel, tea bags, tomato, kasuri methi, cinnamon.",Authentic regional dining spots across Punjab
Rajma Chaval,India,India,North Indian,vegetarian,Main course,Spicy,"Red kidney beans, garam masala powder, ginger, tomato, mustard oil","Traditional spicy main course from India. Prepared with Red kidney beans, garam masala powder, ginger, tomato, mustard oil.",Authentic regional dining spots across India
Rongi,Amritsar,Punjab,North Indian,vegetarian,Main course,Savory,"Garam masala powder, tomato, kasuri methi, cinnamon, mustard oil","Traditional savory main course from Punjab. Prepared with Garam masala powder, tomato, kasuri methi, cinnamon, mustard oil.",Authentic regional dining spots across Punjab
Samosa,India,India,Indian,vegetarian,Snack,Spicy,"Potatoes, green peas, garam masala, ginger, dough","Traditional spicy snack from India. Prepared with Potatoes, green peas, garam masala, ginger, dough.",Authentic regional dining spots across India
Sattu Ki Roti,Patna,Bihar,North Indian,vegetarian,Main course,Spicy,"Sattu, atta, dough, filling, mustard oil","Traditional spicy main course from Bihar. Prepared with Sattu, atta, dough, filling, mustard oil.",Authentic regional dining spots across Bihar
Shahi Paneer,Amritsar,Punjab,North Indian,vegetarian,Main course,Spicy,"Cottage cheese, malai, garam masala, ginger, tomato","Traditional spicy main course from Punjab. Prepared with Cottage cheese, malai, garam masala, ginger, tomato.",Authentic regional dining spots across Punjab
Shahi Tukra,Hyderabad,Telangana,South Indian,vegetarian,Dessert,Sweet,"Rose water, milk, white bread slices, saffron, almonds","Traditional sweet dessert from Telangana. Prepared with Rose water, milk, white bread slices, saffron, almonds.",Authentic regional dining spots across Telangana
Vegetable Jalfrezi,Amritsar,Punjab,North Indian,vegetarian,Main course,Spicy,"Baby corn, french beans, garam masala, ginger, carrot","Traditional spicy main course from Punjab. Prepared with Baby corn, french beans, garam masala, ginger, carrot.",Authentic regional dining spots across Punjab
Tandoori Chicken,Amritsar,Punjab,North Indian,vegetarian,Main course,Spicy,"Greek yogurt, garam masala, kasuri methi, marinade, mustard oil","Traditional spicy main course from Punjab. Prepared with Greek yogurt, garam masala, kasuri methi, marinade, mustard oil.",Authentic regional dining spots across Punjab
Tandoori Fish Tikka,Amritsar,Punjab,North Indian,vegetarian,Starter,Spicy,"Chickpea flour, biryani masala powder, yogurt, fish fillets, green bell pepper","Traditional spicy starter from Punjab. Prepared with Chickpea flour, biryani masala powder, yogurt, fish fillets, green bell pepper.",Authentic regional dining spots across Punjab
Attu,Andhra Pradesh,Andhra Pradesh,South Indian,vegetarian,Snack,Spicy,"Whole wheat flour, arhar dal, ginger, kala jeera, green chilli","Traditional spicy snack from Andhra Pradesh. Prepared with Whole wheat flour, arhar dal, ginger, kala jeera, green chilli.",Authentic regional dining spots across Andhra Pradesh
Avial,Kochi,Kerala,South Indian,vegetarian,Main course,Spicy,"Raw banana, elephant foot yam, long beans, tindora, urad dal","Traditional spicy main course from Kerala. Prepared with Raw banana, elephant foot yam, long beans, tindora, urad dal.",Authentic regional dining spots across Kerala
Bisi Bele Bath,Bangalore,Karnataka,South Indian,vegetarian,Main course,Spicy,"Split pigeon peas, chana dal, urad dal, green peas, french beans","Traditional spicy main course from Karnataka. Prepared with Split pigeon peas, chana dal, urad dal, green peas, french beans.",Authentic regional dining spots across Karnataka
Currivepillai Sadam,Chennai,Tamil Nadu,South Indian,vegetarian,Main course,Spicy,"Chana dal, urad dal, fresh coconut, sesame seeds, curry leaves","Traditional spicy main course from Tamil Nadu. Prepared with Chana dal, urad dal, fresh coconut, sesame seeds, curry leaves.",Authentic regional dining spots across Tamil Nadu
Dosa,India,India,South Indian,vegetarian,Snack,Spicy,"Chana dal, urad dal, whole urad dal, blend rice, rock salt","Traditional spicy snack from India. Prepared with Chana dal, urad dal, whole urad dal, blend rice, rock salt.",Authentic regional dining spots across India
Idiappam,Chennai,Tamil Nadu,South Indian,vegetarian,Snack,Spicy,"Rice flour, hot water, grated coconut","Traditional spicy snack from Tamil Nadu. Prepared with Rice flour, hot water, grated coconut.",Authentic regional dining spots across Tamil Nadu
Idli,India,India,South Indian,vegetarian,Snack,Spicy,"Split urad dal, urad dal, idli rice, thick poha, rock salt","Traditional spicy snack from India. Prepared with Split urad dal, urad dal, idli rice, thick poha, rock salt.",Authentic regional dining spots across India
Kanji,Kochi,Kerala,South Indian,vegetarian,Snack,Savory,"Carrot, yellow mustard, red chilli, black salt","Traditional savory snack from Kerala. Prepared with Carrot, yellow mustard, red chilli, black salt.",Authentic regional dining spots across Kerala
Kaara Kozhambu,Chennai,Tamil Nadu,South Indian,vegetarian,Main course,Spicy,"Sesame oil, drumstick, tamarind paste, sambar powder, tomato","Traditional spicy main course from Tamil Nadu. Prepared with Sesame oil, drumstick, tamarind paste, sambar powder, tomato.",Authentic regional dining spots across Tamil Nadu
Keerai Kootu,Chennai,Tamil Nadu,South Indian,vegetarian,Main course,Spicy,"Moong dal, chana dal, spinach, urad dal, coconut oil","Traditional spicy main course from Tamil Nadu. Prepared with Moong dal, chana dal, spinach, urad dal, coconut oil.",Authentic regional dining spots across Tamil Nadu
Keerai Masiyal,Chennai,Tamil Nadu,South Indian,vegetarian,Main course,Spicy,"Urad dal, curry leaves, sugar, mustard seeds, spinach","Traditional spicy main course from Tamil Nadu. Prepared with Urad dal, curry leaves, sugar, mustard seeds, spinach.",Authentic regional dining spots across Tamil Nadu
Keerai Sadam,Chennai,Tamil Nadu,South Indian,vegetarian,Main course,Spicy,"Greens, tomato, mustard seeds, fenugreek seeds","Traditional spicy main course from Tamil Nadu. Prepared with Greens, tomato, mustard seeds, fenugreek seeds.",Authentic regional dining spots across Tamil Nadu
Keerai Poriyal,Chennai,Tamil Nadu,South Indian,vegetarian,Main course,Spicy,"Amaranth leaves, split urad dal, mustard seeds, grated coconut, red chili","Traditional spicy main course from Tamil Nadu. Prepared with Amaranth leaves, split urad dal, mustard seeds, grated coconut, red chili.",Authentic regional dining spots across Tamil Nadu
Beef Fry,Kochi,Kerala,South Indian,vegetarian,Main course,Spicy,"Beef, coconut, garam masala, curry leaves, green chilies, chili powder","Traditional spicy main course from Kerala. Prepared with Beef, coconut, garam masala, curry leaves, green chilies, chili powder.",Authentic regional dining spots across Kerala
Kootu,Chennai,Tamil Nadu,South Indian,vegetarian,Main course,Spicy,"Chana dal, urad dal, potato, beans, peas","Traditional spicy main course from Tamil Nadu. Prepared with Chana dal, urad dal, potato, beans, peas.",Authentic regional dining spots across Tamil Nadu
Kos Kootu,Chennai,Tamil Nadu,South Indian,vegetarian,Main course,Spicy,"Moong dal, chana dal, cabbage, tamarind, curry leaves","Traditional spicy main course from Tamil Nadu. Prepared with Moong dal, chana dal, cabbage, tamarind, curry leaves.",Authentic regional dining spots across Tamil Nadu
Koshambri,Bangalore,Karnataka,South Indian,vegetarian,Main course,Spicy,"Moong dal, cucumber, curry leaves, green chili, lemon juice","Traditional spicy main course from Karnataka. Prepared with Moong dal, cucumber, curry leaves, green chili, lemon juice.",Authentic regional dining spots across Karnataka
Kothamali Sadam,Chennai,Tamil Nadu,South Indian,vegetarian,Main course,Spicy,"Chana dal, urad dal, gooseberry, raw rice, curry leaves","Traditional spicy main course from Tamil Nadu. Prepared with Chana dal, urad dal, gooseberry, raw rice, curry leaves.",Authentic regional dining spots across Tamil Nadu
Kuzhakkattai,Chennai,Tamil Nadu,South Indian,vegetarian,Main course,Spicy,"Sesame oil, raw rice, jaggery, grated coconut","Traditional spicy main course from Tamil Nadu. Prepared with Sesame oil, raw rice, jaggery, grated coconut.",Authentic regional dining spots across Tamil Nadu
Kuzhambu,Chennai,Tamil Nadu,South Indian,vegetarian,Main course,Spicy,"Pearl onions, urad dal, drumsticks, tomato, curry leaves","Traditional spicy main course from Tamil Nadu. Prepared with Pearl onions, urad dal, drumsticks, tomato, curry leaves.",Authentic regional dining spots across Tamil Nadu
Masala Dosa,India,India,South Indian,vegetarian,Snack,Spicy,"Chana dal, urad dal, potatoes, idli rice, thick poha","Traditional spicy snack from India. Prepared with Chana dal, urad dal, potatoes, idli rice, thick poha.",Authentic regional dining spots across India
Pachadi,India,India,South Indian,vegetarian,Main course,Savory,"Coconut oil, cucumber, curd, curry leaves, mustard seeds","Traditional savory main course from India. Prepared with Coconut oil, cucumber, curd, curry leaves, mustard seeds.",Authentic regional dining spots across India
Paniyaram,Chennai,Tamil Nadu,South Indian,vegetarian,Main course,Savory,"Yogurt, ginger, curry leaves, baking soda, green chilli","Traditional savory main course from Tamil Nadu. Prepared with Yogurt, ginger, curry leaves, baking soda, green chilli.",Authentic regional dining spots across Tamil Nadu
Papadum,Kochi,Kerala,South Indian,vegetarian,Snack,Spicy,"Lentils, black pepper, vegetable oil","Traditional spicy snack from Kerala. Prepared with Lentils, black pepper, vegetable oil.",Authentic regional dining spots across Kerala
Paravannam,Kochi,Kerala,South Indian,vegetarian,Main course,Spicy,"Raw rice, jaggery, milk","Traditional spicy main course from Kerala. Prepared with Raw rice, jaggery, milk.",Authentic regional dining spots across Kerala
Payasam,India,India,South Indian,vegetarian,Dessert,Sweet,"Rice, cashew nuts, milk, raisins, sugar","Traditional sweet dessert from India. Prepared with Rice, cashew nuts, milk, raisins, sugar.",Authentic regional dining spots across India
Paruppu Sadam,Chennai,Tamil Nadu,South Indian,vegetarian,Main course,Savory,"Arhar dal, sambar powder, tomato, curry leaves, fennel seeds","Traditional savory main course from Tamil Nadu. Prepared with Arhar dal, sambar powder, tomato, curry leaves, fennel seeds.",Authentic regional dining spots across Tamil Nadu
Pesarattu,Andhra Pradesh,Andhra Pradesh,South Indian,vegetarian,Snack,Spicy,"Green moong beans, rice flour","Traditional spicy snack from Andhra Pradesh. Prepared with Green moong beans, rice flour.",Authentic regional dining spots across Andhra Pradesh
Poriyal,Chennai,Tamil Nadu,South Indian,vegetarian,Main course,Spicy,"Chana dal, urad dal, beans, coconut, mustard","Traditional spicy main course from Tamil Nadu. Prepared with Chana dal, urad dal, beans, coconut, mustard.",Authentic regional dining spots across Tamil Nadu
Puli Sadam,Chennai,Tamil Nadu,South Indian,vegetarian,Main course,Savory,"Urad dal, lemon, tamarind, cooked rice, curry leaves","Traditional savory main course from Tamil Nadu. Prepared with Urad dal, lemon, tamarind, cooked rice, curry leaves.",Authentic regional dining spots across Tamil Nadu
Rasam,India,India,South Indian,vegetarian,Main course,Spicy,"Tomato, curry leaves, garlic, mustard seeds, hot water","Traditional spicy main course from India. Prepared with Tomato, curry leaves, garlic, mustard seeds, hot water.",Authentic regional dining spots across India
Puttu,Kochi,Kerala,South Indian,vegetarian,Main course,Savory,"Brown rice flour, sugar, grated coconut","Traditional savory main course from Kerala. Prepared with Brown rice flour, sugar, grated coconut.",Authentic regional dining spots across Kerala
Sambar,India,India,South Indian,vegetarian,Main course,Spicy,"Pigeon peas, eggplant, drumsticks, sambar powder, tamarind","Traditional spicy main course from India. Prepared with Pigeon peas, eggplant, drumsticks, sambar powder, tamarind.",Authentic regional dining spots across India
Sandige,Bangalore,Karnataka,South Indian,vegetarian,Main course,Savory,"Thin rice flakes, black sesame seeds, curry leaves","Traditional savory main course from Karnataka. Prepared with Thin rice flakes, black sesame seeds, curry leaves.",Authentic regional dining spots across Karnataka
Sevai,India,India,South Indian,vegetarian,Main course,Savory,"Sevai, parboiled rice, steamer","Traditional savory main course from India. Prepared with Sevai, parboiled rice, steamer.",Authentic regional dining spots across India
Thayir Sadam,Chennai,Tamil Nadu,South Indian,vegetarian,Main course,Savory,"Urad dal, curd, sesame oil, ginger, curry leaves, mustard seeds","Traditional savory main course from Tamil Nadu. Prepared with Urad dal, curd, sesame oil, ginger, curry leaves, mustard seeds.",Authentic regional dining spots across Tamil Nadu
Theeyal,Kochi,Kerala,South Indian,vegetarian,Main course,Savory,"Coconut, whole red beans, masala, sesame oil, tamarind","Traditional savory main course from Kerala. Prepared with Coconut, whole red beans, masala, sesame oil, tamarind.",Authentic regional dining spots across Kerala
Uttapam,India,India,South Indian,vegetarian,Snack,Spicy,"Chana dal, urad dal, thick poha, tomato, butter","Traditional spicy snack from India. Prepared with Chana dal, urad dal, thick poha, tomato, butter.",Authentic regional dining spots across India
Vada,India,India,South Indian,vegetarian,Snack,Spicy,"Urad dal, ginger, curry leaves, green chilies, black pepper","Traditional spicy snack from India. Prepared with Urad dal, ginger, curry leaves, green chilies, black pepper.",Authentic regional dining spots across India
Chicken Varuval,Chennai,Tamil Nadu,South Indian,vegetarian,Main course,Spicy,"Meat curry powder, chicken chunks, ginger, tomato, cinnamon","Traditional spicy main course from Tamil Nadu. Prepared with Meat curry powder, chicken chunks, ginger, tomato, cinnamon.",Authentic regional dining spots across Tamil Nadu
Upma,India,India,Indian,vegetarian,Snack,Spicy,"Chana dal, urad dal, ginger, curry leaves, sugar","Traditional spicy snack from India. Prepared with Chana dal, urad dal, ginger, curry leaves, sugar.",Authentic regional dining spots across India
Amti,Mumbai,Maharashtra,West Indian,vegetarian,Main course,Spicy,"Kala masala, arhar dal, curry leaves, mustard seeds, hot water","Traditional spicy main course from Maharashtra. Prepared with Kala masala, arhar dal, curry leaves, mustard seeds, hot water.",Authentic regional dining spots across Maharashtra
Zunka,Mumbai,Maharashtra,West Indian,vegetarian,Main course,Spicy,"Gram flour, mustard, garlic, turmeric, red chilli","Traditional spicy main course from Maharashtra. Prepared with Gram flour, mustard, garlic, turmeric, red chilli.",Authentic regional dining spots across Maharashtra
Kolim Jawla,Mumbai,Maharashtra,West Indian,vegetarian,Main course,Spicy,"Baingan, fish, coconut oil, fresh coconut, ginger","Traditional spicy main course from Maharashtra. Prepared with Baingan, fish, coconut oil, fresh coconut, ginger.",Authentic regional dining spots across Maharashtra
Saath,Ahmedabad,Gujarat,West Indian,vegetarian,Main course,Spicy,"Urad dal, potatoes, wheat flour, sooji","Traditional spicy main course from Gujarat. Prepared with Urad dal, potatoes, wheat flour, sooji.",Authentic regional dining spots across Gujarat
Bajri No Rotlo,Ahmedabad,Gujarat,West Indian,vegetarian,Main course,Spicy,"Wheat flour, pearl millet flour, hot water","Traditional spicy main course from Gujarat. Prepared with Wheat flour, pearl millet flour, hot water.",Authentic regional dining spots across Gujarat
Coconut Vadi,Mumbai,Maharashtra,West Indian,vegetarian,Dessert,Sweet,"Condensed milk, mawa, desiccated coconut, almonds, cashews","Traditional sweet dessert from Maharashtra. Prepared with Condensed milk, mawa, desiccated coconut, almonds, cashews.",Authentic regional dining spots across Maharashtra
Bhakri,Mumbai,Maharashtra,West Indian,vegetarian,Main course,Savory,"Jowar flour, sesame seeds","Traditional savory main course from Maharashtra. Prepared with Jowar flour, sesame seeds.",Authentic regional dining spots across Maharashtra
Bombil Fry,Mumbai,Maharashtra,West Indian,vegetarian,Main course,Spicy,"Bombay duck, malvani masala, rice flour, bombay rava, green chilies","Traditional spicy main course from Maharashtra. Prepared with Bombay duck, malvani masala, rice flour, bombay rava, green chilies.",Authentic regional dining spots across Maharashtra
Chakali,Mumbai,Maharashtra,West Indian,vegetarian,Snack,Spicy,"Rice flour, sesame, plain flour, turmeric, red chilli","Traditional spicy snack from Maharashtra. Prepared with Rice flour, sesame, plain flour, turmeric, red chilli.",Authentic regional dining spots across Maharashtra
Chevdo,Ahmedabad,Gujarat,West Indian,vegetarian,Snack,Spicy,"Citric acid, fry, raisins, sugar, chana daal","Traditional spicy snack from Gujarat. Prepared with Citric acid, fry, raisins, sugar, chana daal.",Authentic regional dining spots across Gujarat
Chorafali,Ahmedabad,Gujarat,West Indian,vegetarian,Snack,Spicy,"Urad dal, bengal gram flour, dried mango, baking soda, black salt","Traditional spicy snack from Gujarat. Prepared with Urad dal, bengal gram flour, dried mango, baking soda, black salt.",Authentic regional dining spots across Gujarat
Copra Paak,Ahmedabad,Gujarat,West Indian,vegetarian,Main course,Savory,"Condensed milk, nestle cream, coconut ice, red food coloring, desiccated coconut","Traditional savory main course from Gujarat. Prepared with Condensed milk, nestle cream, coconut ice, red food coloring, desiccated coconut.",Authentic regional dining spots across Gujarat
Daal Dhokli,Ahmedabad,Gujarat,West Indian,vegetarian,Main course,Spicy,"Whole wheat flour, dal, kokum, gur, bengal gram flour","Traditional spicy main course from Gujarat. Prepared with Whole wheat flour, dal, kokum, gur, bengal gram flour.",Authentic regional dining spots across Gujarat
Kutchi Dabeli,Ahmedabad,Gujarat,West Indian,vegetarian,Snack,Spicy,"Pav, aloo, peanut, pomegranate, star anise","Traditional spicy snack from Gujarat. Prepared with Pav, aloo, peanut, pomegranate, star anise.",Authentic regional dining spots across Gujarat
Dahi Vada,Mumbai,Maharashtra,West Indian,vegetarian,Snack,Savory,"Urad dal, bhuna chana, garam masala, dates, tamarind","Traditional savory snack from Maharashtra. Prepared with Urad dal, bhuna chana, garam masala, dates, tamarind.",Authentic regional dining spots across Maharashtra
Dalithoy,Mumbai,Maharashtra,West Indian,vegetarian,Main course,Savory,"Arhar dal, coconut oil, curry leaves, mustard seeds, red chilli","Traditional savory main course from Maharashtra. Prepared with Arhar dal, coconut oil, curry leaves, mustard seeds, red chilli.",Authentic regional dining spots across Maharashtra
Dhokla,Ahmedabad,Gujarat,West Indian,vegetarian,Snack,Spicy,"Rava, coconut, gram flour, mustard, sesame","Traditional spicy snack from Gujarat. Prepared with Rava, coconut, gram flour, mustard, sesame.",Authentic regional dining spots across Gujarat
Dudhi Halwa,Ahmedabad,Gujarat,West Indian,vegetarian,Dessert,Sweet,"Bottle gourd, green, raisins, sugar, clarified butter","Traditional sweet dessert from Gujarat. Prepared with Bottle gourd, green, raisins, sugar, clarified butter.",Authentic regional dining spots across Gujarat
Gatta Curry,Jaipur,Rajasthan,West Indian,vegetarian,Main course,Spicy,"Yogurt, besan, sauce, garam masala powder, gram flour","Traditional spicy main course from Rajasthan. Prepared with Yogurt, besan, sauce, garam masala powder, gram flour.",Authentic regional dining spots across Rajasthan
Gud Papdi,Ahmedabad,Gujarat,West Indian,vegetarian,Dessert,Sweet,"Wheat flour, jaggery, clarified butter, sliced almonds","Traditional sweet dessert from Gujarat. Prepared with Wheat flour, jaggery, clarified butter, sliced almonds.",Authentic regional dining spots across Gujarat
Ghooghra,Ahmedabad,Gujarat,West Indian,vegetarian,Snack,Spicy,"Dry fruits, semolina, all purpose flour","Traditional spicy snack from Gujarat. Prepared with Dry fruits, semolina, all purpose flour.",Authentic regional dining spots across Gujarat
Handwo,Ahmedabad,Gujarat,West Indian,vegetarian,Snack,Spicy,"Bottle gourd, chana dal, cabbage, urad dal, toor dal","Traditional spicy snack from Gujarat. Prepared with Bottle gourd, chana dal, cabbage, urad dal, toor dal.",Authentic regional dining spots across Gujarat
Halvasan,Ahmedabad,Gujarat,West Indian,vegetarian,Dessert,Sweet,"Whole wheat rava, chia seed, lemon, edible gum, litre milk","Traditional sweet dessert from Gujarat. Prepared with Whole wheat rava, chia seed, lemon, edible gum, litre milk.",Authentic regional dining spots across Gujarat
Jeera Aloo,Ahmedabad,Gujarat,West Indian,vegetarian,Main course,Spicy,"Green chilies, lemon juice, chili powder, boiled potatoes","Traditional spicy main course from Gujarat. Prepared with Green chilies, lemon juice, chili powder, boiled potatoes.",Authentic regional dining spots across Gujarat
Kansar,Ahmedabad,Gujarat,West Indian,vegetarian,Main course,Savory,"Wheat flour, cashews, rapeseed oil","Traditional savory main course from Gujarat. Prepared with Wheat flour, cashews, rapeseed oil.",Authentic regional dining spots across Gujarat
Keri No Ras,Ahmedabad,Gujarat,West Indian,vegetarian,Main course,Sour,"Mango, sugar","Traditional sour main course from Gujarat. Prepared with Mango, sugar.",Authentic regional dining spots across Gujarat
Khakhra,Ahmedabad,Gujarat,West Indian,vegetarian,Snack,Spicy,"Whole wheat flour, low fat, bengal gram flour","Traditional spicy snack from Gujarat. Prepared with Whole wheat flour, low fat, bengal gram flour.",Authentic regional dining spots across Gujarat
Khandvi,Ahmedabad,Gujarat,West Indian,vegetarian,Snack,Spicy,"Green chili paste, white sesame seeds, gram flour, curry leaves, green chili","Traditional spicy snack from Gujarat. Prepared with Green chili paste, white sesame seeds, gram flour, curry leaves, green chili.",Authentic regional dining spots across Gujarat
Kombdi Vade,Mumbai,Maharashtra,West Indian,vegetarian,Snack,Spicy,"Rice flour, urad dal, wheat flour, gram flour, turmeric","Traditional spicy snack from Maharashtra. Prepared with Rice flour, urad dal, wheat flour, gram flour, turmeric.",Authentic regional dining spots across Maharashtra
Laapsi,Bhopal,Madhya Pradesh,Central Indian,vegetarian,Main course,Spicy,"Cinnamon, jaggery, clarified butter, dry roasted","Traditional spicy main course from Madhya Pradesh. Prepared with Cinnamon, jaggery, clarified butter, dry roasted.",Authentic regional dining spots across Madhya Pradesh
Koshimbir,Mumbai,Maharashtra,West Indian,vegetarian,Main course,Spicy,"Cucumber, carrot, tomatoes, cilantro","Traditional spicy main course from Maharashtra. Prepared with Cucumber, carrot, tomatoes, cilantro.",Authentic regional dining spots across Maharashtra
Methi Na Gota,Ahmedabad,Gujarat,West Indian,vegetarian,Main course,Bitter,"Rava, gram flour, lemon juice, turmeric, fenugreek leaves","Traditional bitter main course from Gujarat. Prepared with Rava, gram flour, lemon juice, turmeric, fenugreek leaves.",Authentic regional dining spots across Gujarat
Mohanthal,Ahmedabad,Gujarat,West Indian,vegetarian,Dessert,Sweet,"Rose water, pistachio, badam, bengal gram flour, saffron","Traditional sweet dessert from Gujarat. Prepared with Rose water, pistachio, badam, bengal gram flour, saffron.",Authentic regional dining spots across Gujarat
Muthiya,Ahmedabad,Gujarat,West Indian,vegetarian,Snack,Bitter,"Bottle gourd, whole wheat flour, rava, sesame seeds, bengal gram flour","Traditional bitter snack from Gujarat. Prepared with Bottle gourd, whole wheat flour, rava, sesame seeds, bengal gram flour.",Authentic regional dining spots across Gujarat
Patra,Ahmedabad,Gujarat,West Indian,vegetarian,Snack,Spicy,"Arbi ke patte, sesame seeds, gur, bengal gram flour, imli","Traditional spicy snack from Gujarat. Prepared with Arbi ke patte, sesame seeds, gur, bengal gram flour, imli.",Authentic regional dining spots across Gujarat
Pav Bhaji,Mumbai,Maharashtra,West Indian,vegetarian,Main course,Spicy,"Pav bhaji masala, gobi, potatoes, green peas, dinner rolls","Traditional spicy main course from Maharashtra. Prepared with Pav bhaji masala, gobi, potatoes, green peas, dinner rolls.",Authentic regional dining spots across Maharashtra
Puri Bhaji,Mumbai,Maharashtra,West Indian,vegetarian,Main course,Spicy,"Aloo, urad dal, mustard, ginger, curry leaves","Traditional spicy main course from Maharashtra. Prepared with Aloo, urad dal, mustard, ginger, curry leaves.",Authentic regional dining spots across Maharashtra
Sabudana Khichadi,Mumbai,Maharashtra,West Indian,vegetarian,Snack,Spicy,"Raw peanuts, sabudana, lemon, avocado oil, curry leaves, green chili","Traditional spicy snack from Maharashtra. Prepared with Raw peanuts, sabudana, lemon, avocado oil, curry leaves, green chili.",Authentic regional dining spots across Maharashtra
Sev Khamani,Ahmedabad,Gujarat,West Indian,vegetarian,Main course,Spicy,"Khaman, pomegranate, sev, powdered sugar, garlic","Traditional spicy main course from Gujarat. Prepared with Khaman, pomegranate, sev, powdered sugar, garlic.",Authentic regional dining spots across Gujarat
Sev Tameta,Ahmedabad,Gujarat,West Indian,vegetarian,Main course,Spicy,"Sev, ginger, tomato, sugar","Traditional spicy main course from Gujarat. Prepared with Sev, ginger, tomato, sugar.",Authentic regional dining spots across Gujarat
Namakpara,Ahmedabad,Gujarat,West Indian,vegetarian,Snack,Spicy,"Wheat flour, baking soda, all purpose flour, black pepper, sunflower oil","Traditional spicy snack from Gujarat. Prepared with Wheat flour, baking soda, all purpose flour, black pepper, sunflower oil.",Authentic regional dining spots across Gujarat
Sukhdi,Mumbai,Maharashtra,West Indian,vegetarian,Dessert,Sweet,"Whole wheat flour, gur, clarified butter","Traditional sweet dessert from Maharashtra. Prepared with Whole wheat flour, gur, clarified butter.",Authentic regional dining spots across Maharashtra
Surnoli,Mumbai,Maharashtra,West Indian,vegetarian,Snack,Spicy,"Rice flakes, yogurt, raw rice, jaggery, grated coconut","Traditional spicy snack from Maharashtra. Prepared with Rice flakes, yogurt, raw rice, jaggery, grated coconut.",Authentic regional dining spots across Maharashtra
Thalipeeth,Mumbai,Maharashtra,West Indian,vegetarian,Main course,Spicy,"Whole wheat flour, rice flour, pearl millet flour, sorghum flour, sesame seeds","Traditional spicy main course from Maharashtra. Prepared with Whole wheat flour, rice flour, pearl millet flour, sorghum flour, sesame seeds.",Authentic regional dining spots across Maharashtra
Undhiyu,Ahmedabad,Gujarat,West Indian,vegetarian,Main course,Spicy,"Sweet potato, surti papdi, baby potatoes, valor papdi, green peas","Traditional spicy main course from Gujarat. Prepared with Sweet potato, surti papdi, baby potatoes, valor papdi, green peas.",Authentic regional dining spots across Gujarat
Veg Kolhapuri,Mumbai,Maharashtra,West Indian,vegetarian,Main course,Spicy,"Gobi, potato, beans, khus khus, coconut","Traditional spicy main course from Maharashtra. Prepared with Gobi, potato, beans, khus khus, coconut.",Authentic regional dining spots across Maharashtra
Vindaloo,Goa,Goa,West Indian,vegetarian,Main course,Spicy,"Chicken, coconut oil, wine vinegar, ginger, green, cinnamon","Traditional spicy main course from Goa. Prepared with Chicken, coconut oil, wine vinegar, ginger, green, cinnamon.",Authentic regional dining spots across Goa
Lilva Kachori,Ahmedabad,Gujarat,West Indian,vegetarian,Snack,Spicy,"Green garlic chutney, fresh green peas, ginger, lemon juice, plain flour","Traditional spicy snack from Gujarat. Prepared with Green garlic chutney, fresh green peas, ginger, lemon juice, plain flour.",Authentic regional dining spots across Gujarat
Mag Dhokli,Ahmedabad,Gujarat,West Indian,vegetarian,Snack,Spicy,"Moong beans, jaggery, red chillies, oil, salt","Traditional spicy snack from Gujarat. Prepared with Moong beans, jaggery, red chillies, oil, salt.",Authentic regional dining spots across Gujarat
Khichu,Ahmedabad,Gujarat,West Indian,vegetarian,Snack,Spicy,"Rice flour, sesame seeds, baking soda, peanut oil","Traditional spicy snack from Gujarat. Prepared with Rice flour, sesame seeds, baking soda, peanut oil.",Authentic regional dining spots across Gujarat
Thepla,Ahmedabad,Gujarat,West Indian,vegetarian,Snack,Spicy,"Chickpea flour, methi leaves, jowar flour, wheat flour","Traditional spicy snack from Gujarat. Prepared with Chickpea flour, methi leaves, jowar flour, wheat flour.",Authentic regional dining spots across Gujarat
Farsi Puri,Ahmedabad,Gujarat,West Indian,vegetarian,Snack,Savory,"Semolina, clarified butter, oil, white flour, black pepper","Traditional savory snack from Gujarat. Prepared with Semolina, clarified butter, oil, white flour, black pepper.",Authentic regional dining spots across Gujarat
Khaman,Ahmedabad,Gujarat,West Indian,vegetarian,Snack,Spicy,"Yogurt, fresh coconut, sesame seeds, semolina, gram flour","Traditional spicy snack from Gujarat. Prepared with Yogurt, fresh coconut, sesame seeds, semolina, gram flour.",Authentic regional dining spots across Gujarat
Turiya Patra Vatana Sabji,Ahmedabad,Gujarat,West Indian,vegetarian,Main course,Spicy,"Ridge gourd, baking soda, sugar, grated coconut, peas","Traditional spicy main course from Gujarat. Prepared with Ridge gourd, baking soda, sugar, grated coconut, peas.",Authentic regional dining spots across Gujarat
Churma Ladoo,Jaipur,Rajasthan,West Indian,vegetarian,Dessert,Sweet,"Whole wheat flour, khus khus, sesame seeds, dry coconut, gur","Traditional sweet dessert from Rajasthan. Prepared with Whole wheat flour, khus khus, sesame seeds, dry coconut, gur.",Authentic regional dining spots across Rajasthan
Cheera Doi,Kolkata,West Bengal,East Indian,vegetarian,Dessert,Sweet,"Rice, mango, curd","Traditional sweet dessert from West Bengal. Prepared with Rice, mango, curd.",Authentic regional dining spots across West Bengal
Gheela Pitha,Guwahati,Assam,North east Indian,vegetarian,Dessert,Sweet,"Sticky rice, rice flour, jaggery, orange rind","Traditional sweet dessert from Assam. Prepared with Sticky rice, rice flour, jaggery, orange rind.",Authentic regional dining spots across Assam
Khar,Guwahati,Assam,North east Indian,vegetarian,Main course,Savory,"Raw papaya, panch phoran masala, nigella seeds, mustard oil, fennel seeds","Traditional savory main course from Assam. Prepared with Raw papaya, panch phoran masala, nigella seeds, mustard oil, fennel seeds.",Authentic regional dining spots across Assam
Kumol Sawul,Guwahati,Assam,North east Indian,vegetarian,Main course,Spicy,"Rice, eggs, carrot, beetroot","Traditional spicy main course from Assam. Prepared with Rice, eggs, carrot, beetroot.",Authentic regional dining spots across Assam
Luchi,Kolkata,West Bengal,East Indian,vegetarian,Main course,Savory,"Maida, vegetable oil","Traditional savory main course from West Bengal. Prepared with Maida, vegetable oil.",Authentic regional dining spots across West Bengal
Alu Pitika,Guwahati,Assam,North east Indian,vegetarian,Main course,Spicy,"Potatoes, mustard oil, fish, green chillies","Traditional spicy main course from Assam. Prepared with Potatoes, mustard oil, fish, green chillies.",Authentic regional dining spots across Assam
Masor Tenga,Guwahati,Assam,North east Indian,vegetarian,Main course,Spicy,"Ridge gourd, fish, lemon, tomatoes, mustard oil","Traditional spicy main course from Assam. Prepared with Ridge gourd, fish, lemon, tomatoes, mustard oil.",Authentic regional dining spots across Assam
Bengena Pitika,Guwahati,Assam,North east Indian,vegetarian,Main course,Savory,"Brinjal, onions, salt, sesame seeds, coriander","Traditional savory main course from Assam. Prepared with Brinjal, onions, salt, sesame seeds, coriander.",Authentic regional dining spots across Assam
Bilahi Maas,Guwahati,Assam,North east Indian,vegetarian,Main course,Savory,"Potatoes, garam masala, tomatoes, mustard oil, bay leaf","Traditional savory main course from Assam. Prepared with Potatoes, garam masala, tomatoes, mustard oil, bay leaf.",Authentic regional dining spots across Assam
Black Rice,Manipur,Manipur,North east Indian,vegetarian,Main course,Savory,"Forbidden black rice, chicken, olive oil, slivered almonds, garlic powder","Traditional savory main course from Manipur. Prepared with Forbidden black rice, chicken, olive oil, slivered almonds, garlic powder.",Authentic regional dining spots across Manipur
Bora Sawul,Guwahati,Assam,North east Indian,vegetarian,Main course,Spicy,"Biryani masala, mixed vegetables, yellow moong daal, whole red, mustard seeds","Traditional spicy main course from Assam. Prepared with Biryani masala, mixed vegetables, yellow moong daal, whole red, mustard seeds.",Authentic regional dining spots across Assam
Brown Rice,India,India,Indian,vegetarian,Main course,Savory,"Brown rice, soy sauce, olive oil","Traditional savory main course from India. Prepared with Brown rice, soy sauce, olive oil.",Authentic regional dining spots across India
Chingri Malai Curry,Kolkata,West Bengal,East Indian,vegetarian,Main course,Spicy,"Coconut milk, lobster, fresh green chilli, ginger, red onion","Traditional spicy main course from West Bengal. Prepared with Coconut milk, lobster, fresh green chilli, ginger, red onion.",Authentic regional dining spots across West Bengal
Goja,Kolkata,West Bengal,East Indian,vegetarian,Dessert,Sweet,"Baking soda, clarified butter, oil, all purpose flour","Traditional sweet dessert from West Bengal. Prepared with Baking soda, clarified butter, oil, all purpose flour.",Authentic regional dining spots across West Bengal
Hando Guri,Guwahati,Assam,North east Indian,vegetarian,Dessert,Sweet,"Jaggery, raisins","Traditional sweet dessert from Assam. Prepared with Jaggery, raisins.",Authentic regional dining spots across Assam
Haq Maas,Guwahati,Assam,North east Indian,vegetarian,Main course,Spicy,"Lamb, garam masala powder, curd, turmeric, bay leaf","Traditional spicy main course from Assam. Prepared with Lamb, garam masala powder, curd, turmeric, bay leaf.",Authentic regional dining spots across Assam
Chingri Bhape,Kolkata,West Bengal,East Indian,vegetarian,Main course,Savory,"Coconut, prawns, curd, mustard seed, green chili","Traditional savory main course from West Bengal. Prepared with Coconut, prawns, curd, mustard seed, green chili.",Authentic regional dining spots across West Bengal
Kabiraji,Kolkata,West Bengal,East Indian,vegetarian,Main course,Spicy,"Fish fillet, besan, lemon, mint, ginger","Traditional spicy main course from West Bengal. Prepared with Fish fillet, besan, lemon, mint, ginger.",Authentic regional dining spots across West Bengal
Khorisa,Guwahati,Assam,North east Indian,vegetarian,Main course,Spicy,"Fermented bamboo shoot, potato, ginger, green, mustard oil","Traditional spicy main course from Assam. Prepared with Fermented bamboo shoot, potato, ginger, green, mustard oil.",Authentic regional dining spots across Assam
Koldil Chicken,Guwahati,Assam,North east Indian,vegetarian,Main course,Spicy,"Banana flower, chicken, green chili, mustard oil, lemon juice","Traditional spicy main course from Assam. Prepared with Banana flower, chicken, green chili, mustard oil, lemon juice.",Authentic regional dining spots across Assam
Konir Dom,Guwahati,Assam,North east Indian,vegetarian,Main course,Spicy,"Aloo, tomatoes, mustard oil, bay leaf, cinnamon stick","Traditional spicy main course from Assam. Prepared with Aloo, tomatoes, mustard oil, bay leaf, cinnamon stick.",Authentic regional dining spots across Assam
Koldil Duck,Guwahati,Assam,North east Indian,vegetarian,Main course,Spicy,"Rice flour, mutton, banana, gram flour, olive oil, baking powder","Traditional spicy main course from Assam. Prepared with Rice flour, mutton, banana, gram flour, olive oil, baking powder.",Authentic regional dining spots across Assam
Masor Koni,Guwahati,Assam,North east Indian,vegetarian,Main course,Spicy,"Fish roe, pumpkin flowers, mustard oil, turmeric, tomato","Traditional spicy main course from Assam. Prepared with Fish roe, pumpkin flowers, mustard oil, turmeric, tomato.",Authentic regional dining spots across Assam
Mishti Chholar Dal,Kolkata,West Bengal,East Indian,vegetarian,Main course,Sweet,"Chana dal, fresh coconut, ginger, cinnamon, raisins","Traditional sweet main course from West Bengal. Prepared with Chana dal, fresh coconut, ginger, cinnamon, raisins.",Authentic regional dining spots across West Bengal
Pakhala,Puri,Odisha,East Indian,vegetarian,Main course,Savory,"Curd, cooked rice, curry leaves, dry chilli","Traditional savory main course from Odisha. Prepared with Curd, cooked rice, curry leaves, dry chilli.",Authentic regional dining spots across Odisha
Pani Pitha,Guwahati,Assam,North east Indian,vegetarian,Main course,Savory,"Tea leaves, white sesame seeds, dry coconut, soaked rice","Traditional savory main course from Assam. Prepared with Tea leaves, white sesame seeds, dry coconut, soaked rice.",Authentic regional dining spots across Assam
Payokh,Guwahati,Assam,North east Indian,vegetarian,Dessert,Sweet,"Basmati rice, rose water, sugar, clarified butter, cardamom pods","Traditional sweet dessert from Assam. Prepared with Basmati rice, rose water, sugar, clarified butter, cardamom pods.",Authentic regional dining spots across Assam
Prawn Malai Curry,Kolkata,West Bengal,East Indian,vegetarian,Main course,Spicy,"Coconut milk, prawns, garlic, turmeric, sugar","Traditional spicy main course from West Bengal. Prepared with Coconut milk, prawns, garlic, turmeric, sugar.",Authentic regional dining spots across West Bengal
Red Rice,India,India,Indian,vegetarian,Main course,Savory,"Red pepper, red onion, butter, watercress, olive oil","Traditional savory main course from India. Prepared with Red pepper, red onion, butter, watercress, olive oil.",Authentic regional dining spots across India
Shukto,Kolkata,West Bengal,East Indian,vegetarian,Main course,Spicy,"Green beans, bitter gourd, ridge gourd, banana, brinjal","Traditional spicy main course from West Bengal. Prepared with Green beans, bitter gourd, ridge gourd, banana, brinjal.",Authentic regional dining spots across West Bengal
Til Pitha,Guwahati,Assam,North east Indian,vegetarian,Dessert,Sweet,"Glutinous rice, black sesame seeds, gur","Traditional sweet dessert from Assam. Prepared with Glutinous rice, black sesame seeds, gur.",Authentic regional dining spots across Assam
Bebinca,Goa,Goa,West Indian,vegetarian,Dessert,Sweet,"Coconut milk, egg yolks, clarified butter, all purpose flour","Traditional sweet dessert from Goa. Prepared with Coconut milk, egg yolks, clarified butter, all purpose flour.",Authentic regional dining spots across Goa
Shufta,Jammu & Kashmir,Jammu & Kashmir,North Indian,vegetarian,Dessert,Sweet,"Cottage cheese, dry dates, dried rose petals, pistachio, badam","Traditional sweet dessert from Jammu & Kashmir. Prepared with Cottage cheese, dry dates, dried rose petals, pistachio, badam.",Authentic regional dining spots across Jammu & Kashmir
Mawa Bati,Bhopal,Madhya Pradesh,Central Indian,vegetarian,Dessert,Sweet,"Milk powder, dry fruits, arrowroot powder, all purpose flour","Traditional sweet dessert from Madhya Pradesh. Prepared with Milk powder, dry fruits, arrowroot powder, all purpose flour.",Authentic regional dining spots across Madhya Pradesh
Pinaca,Goa,Goa,West Indian,vegetarian,Dessert,Sweet,"Brown rice, fennel seeds, grated coconut, black pepper, ginger powder","Traditional sweet dessert from Goa. Prepared with Brown rice, fennel seeds, grated coconut, black pepper, ginger powder.",Authentic regional dining spots across Goa
