attraction_id,attraction_name,destination,city,state,category,description,rating,entry_fee,visit_duration_hours,best_time,latitude,longitude
A001,Baga Beach,Goa,North Goa,Goa,Beach,"Lively beach known for watersports, beach shacks like Britto's, nightlife, and golden sands.",4.6,0,3.0,Sunset / Evening,15.5553,73.7517
A002,Fort Aguada,Goa,Candolim,Goa,Fort / Historical,17th-century Portuguese fortress and lighthouse overlooking the vast Arabian Sea.,4.5,50,2.0,Morning,15.492,73.7737
A003,Basilica of Bom Jesus,Goa,Old Goa,Goa,Heritage / Church,UNESCO World Heritage site housing the sacred mortal remains of St. Francis Xavier.,4.7,0,1.5,Morning,15.5009,73.9116
A004,Dudhsagar Falls,Goa,Sonaulim,Goa,Waterfall / Nature,Four-tiered majestic 'Sea of Milk' waterfall surrounded by dense tropical deciduous forests.,4.8,110,4.0,Morning,15.3144,74.3143
A005,Palolem Beach,Goa,Canacona,Goa,Beach / Peaceful,"Crescent-shaped serene beach with calm waters, palm trees, and silent noise parties in South Goa.",4.8,0,3.5,Sunset / Evening,15.01,74.0232
A006,Amber Fort,Jaipur,Jaipur,Rajasthan,Fort / Historical,Opulent hilltop fort palace featuring Sheesh Mahal (Mirror Palace) and Maota lake vistas.,4.8,100,3.0,Morning,26.9855,75.8513
A007,Hawa Mahal,Jaipur,Jaipur,Rajasthan,Heritage / Architecture,Iconic Palace of Winds with 953 honeycomb windows designed for royal ladies to view street life.,4.6,50,1.5,Morning,26.9239,75.8267
A008,City Palace Jaipur,Jaipur,Jaipur,Rajasthan,Palace / Museum,"Sprawling royal residence blending Rajput, Mughal, and European architecture with royal museum.",4.6,300,2.5,Afternoon,26.9258,75.8237
A009,Jantar Mantar,Jaipur,Jaipur,Rajasthan,UNESCO / Science,World's largest stone astronomical observatory built by Maharaja Sawai Jai Singh II.,4.5,50,1.5,Afternoon,26.9248,75.8246
A010,Nahargarh Fort,Jaipur,Jaipur,Rajasthan,Fort / Viewpoint,Edge of the Aravalli Hills overlooking the entire Pink City; famous for magical sunsets.,4.7,50,2.0,Sunset / Evening,26.9373,75.8156
A011,Tiger's Leap (Tiger Point),Lonavala,Lonavala,Maharashtra,Viewpoint / Nature,"Cliff with a 650m drop that resembles a leaping tiger, offering views of misty valleys and waterfalls.",4.4,0,2.0,Morning,18.736,73.3768
A012,Bhushi Dam,Lonavala,Lonavala,Maharashtra,Water / Nature,"Popular masonry dam where monsoon water cascades over stepped rocks, creating natural water splash steps.",4.1,0,2.0,Afternoon,18.7303,73.4001
A013,Karla Caves,Lonavala,Karli,Maharashtra,Caves / Historical,Ancient 2nd-century BC rock-cut Buddhist chaitya with intricately carved pillars and stupa.,4.5,25,2.0,Morning,18.7825,73.4705
A014,Pawna Lake,Lonavala,Kamshet,Maharashtra,Lake / Camping,"Scenic artificial reservoir surrounded by Tung and Tikona forts, premier spot for lakeside camping.",4.6,0,4.0,Sunset / Evening,18.675,73.486
A015,Louisa Point,Matheran,Matheran,Maharashtra,Viewpoint / Nature,"Panoramic clifftop view overlooking Vishalgad, Prabal fort, and lush valleys with zero vehicular noise.",4.7,0,2.0,Sunset / Evening,18.983,73.255
A016,Charlotte Lake,Matheran,Matheran,Maharashtra,Lake / Nature,"Serene freshwater lake surrounded by dense evergreen woods, echoing bird songs and Pisarnath temple.",4.5,0,1.5,Morning,18.9818,73.2678
A017,Panorama Point,Matheran,Matheran,Maharashtra,Viewpoint / Sunrise,Sunrise Point offering a 360-degree panorama of the Western Ghats and Sahyadri mountain chains.,4.6,0,2.0,Morning,19.0105,73.272
A018,Echo Point,Matheran,Matheran,Maharashtra,Viewpoint / Nature,Natural acoustic cliff that reflects sound back across the mist-shrouded gorge.,4.3,0,1.0,Afternoon,18.984,73.273
A019,Gateway of India,Mumbai,Mumbai,Maharashtra,Heritage / Monument,"Indo-Saracenic basalt arch built to commemorate the 1911 visit of King George V, overlooking Mumbai Harbour.",4.7,0,1.5,Morning,18.922,72.8347
A020,Marine Drive,Mumbai,Mumbai,Maharashtra,Promenade / Coastal,"3.6 km long arc promenade along the Arabian Sea, famously known as the Queen's Necklace at night.",4.8,0,2.0,Sunset / Evening,18.9432,72.823
A021,Elephanta Caves,Mumbai,Gharapuri,Maharashtra,UNESCO / Rock-cut Caves,Island caves featuring the monumental 20-foot three-headed Sadashiva sculpture carved in basalt rock.,4.6,40,3.5,Morning,18.9633,72.9315
A022,Chhatrapati Shivaji Maharaj Terminus,Mumbai,Mumbai,Maharashtra,UNESCO / Architecture,Masterpiece of Victorian Gothic Revival architecture blended with traditional Indian styles.,4.7,0,1.0,Sunset / Evening,18.94,72.8354
A023,Arthur's Seat,Mahabaleshwar,Mahabaleshwar,Maharashtra,Viewpoint / Nature,The 'Queen of all Points' offering a dramatic view of the Savitri river valley and Brahma Arayan territory.,4.6,0,1.5,Morning,17.9863,73.6214
A024,Venna Lake,Mahabaleshwar,Mahabaleshwar,Maharashtra,Lake / Boating,"Picturesque lake flanked by pine trees where visitors enjoy rowboats, paddle boats, and fresh corn.",4.3,0,2.0,Sunset / Evening,17.925,73.658
A025,Pratapgad Fort,Mahabaleshwar,Mahabaleshwar,Maharashtra,Fort / Historical,"Historic hill fortress built by Chhatrapati Shivaji Maharaj, the site of the Battle of Pratapgad.",4.7,0,3.0,Morning,17.9257,73.5786
A026,Mapro Garden,Mahabaleshwar,Panchgani,Maharashtra,Agri-Tourism / Food,"Strawberry processing park famous for freshly harvested strawberry cream, wood-fired pizza, and fruit crushes.",4.6,0,2.0,Afternoon,17.923,73.743
A027,Om Beach,Gokarna,Gokarna,Karnataka,Beach / Nature,"Naturally shaped like the auspicious spiritual symbol 'Om', with two semi-circular coves and rock promontories.",4.7,0,3.0,Sunset / Evening,14.5186,74.3168
A028,Kudle Beach,Gokarna,Gokarna,Karnataka,Beach / Peaceful,"Wide, white-sand cove ideal for barefoot morning walks, yoga, beach volleyball, and shack dining.",4.6,0,3.0,Morning,14.529,74.314
A029,Mahabaleshwar Temple Gokarna,Gokarna,Gokarna,Karnataka,Spiritual / Temple,"Ancient 4th-century CE temple enshrining the sacred Atmalinga of Lord Shiva, a major Dravidian pilgrimage site.",4.7,0,1.5,Morning,14.5428,74.3181
A030,Paradise Beach,Gokarna,Gokarna,Karnataka,Beach / Offbeat,"Secluded, raw beach reachable by coastal cliff trek or fisherman boat, devoid of commercial clamor.",4.8,0,2.5,Sunset / Evening,14.502,74.331
A031,City Palace Udaipur,Udaipur,Udaipur,Rajasthan,Royal Palace,"Monumental white palace complex on the banks of Lake Pichola with ornate courtyards, balconies, and mirrorwork.",4.8,300,3.0,Morning,24.5764,73.6835
A032,Lake Pichola Boat Cruise,Udaipur,Udaipur,Rajasthan,Lake / Romantic,"Scenic boat cruise gliding past Taj Lake Palace, Jag Mandir, and royal ghats bathed in golden hour light.",4.9,400,1.5,Sunset / Evening,24.57,73.678
A033,Sajjangarh (Monsoon Palace),Udaipur,Udaipur,Rajasthan,Palace / Sunset Viewpoint,Hilltop palace built on Bansdara mountain peak providing sweeping views of the city lakes and Aravali hills.,4.6,110,2.0,Sunset / Evening,24.5939,73.6393
A034,Saheliyon-ki-Bari,Udaipur,Udaipur,Rajasthan,Garden / Heritage,"Historic Courtyard of Maidens with marble elephants, fountains, lotus pools, and lush green lawns.",4.5,50,1.5,Morning,24.6019,73.6872
A035,Tea Gardens Munnar,Munnar,Munnar,Kerala,Nature / Plantation,Endless rolling hills covered in manicured emerald green tea shrubs with fresh mountain aroma.,4.9,0,2.5,Morning,10.0889,77.0595
A036,Eravikulam National Park,Munnar,Munnar,Kerala,Wildlife / National Park,Sanctuary home to the endangered Nilgiri Tahr mountain goat and blooming Neelakurinji flower.,4.7,200,3.0,Morning,10.15,77.0667
A037,Mattupetty Dam,Munnar,Munnar,Kerala,Dam / Water Sports,"Concrete gravity dam flanked by tea plantations, offering speed boating and wild elephant sightings.",4.4,50,2.0,Afternoon,10.1067,77.1245
A038,Attukad Waterfalls,Munnar,Munnar,Kerala,Waterfall / Scenic,"Rushing cascade tucked between thick jungle hills, accessible via an atmospheric wooden bridge.",4.6,0,1.5,Sunset / Evening,10.0528,77.045
A039,Charminar,Hyderabad,Hyderabad,Telangana,Monument / Heritage,"1591 monument with four towering minarets, marking the heart of old Hyderabad and bustling Laad Bazaar.",4.6,25,1.5,Sunset / Evening,17.3616,78.4747
A040,Golconda Fort,Hyderabad,Hyderabad,Telangana,Fort / Acoustic Wonder,Medieval citadel famous for acoustic engineering where a clap at Fateh Darwaza is heard 1 km away at Bala Hissar.,4.7,25,3.0,Afternoon,17.3833,78.4011
A041,Salar Jung Museum,Hyderabad,Hyderabad,Telangana,Museum / Art,"One of the world's premier one-man art collections, featuring the Veiled Rebecca statue and Musical Clock.",4.6,50,3.0,Morning,17.3713,78.4804
A042,Chowmahalla Palace,Hyderabad,Hyderabad,Telangana,Palace / Royal Heritage,"Opulent palace of the Nizams of Hyderabad, featuring vintage Rolls Royce cars and crystal chandeliers.",4.7,100,2.0,Morning,17.3578,78.4717
A043,Solang Valley,Manali,Manali,Himachal Pradesh,Adventure / Snow,"Year-round adventure hub offering skiing, paragliding, zorbing, snow scooter rides, and cable car ropeways.",4.7,0,4.0,Morning,32.3166,77.1578
A044,Hadimba Temple,Manali,Manali,Himachal Pradesh,Temple / Wood Architecture,"Unique 1553 pagoda-style wooden temple dedicated to Hadimba Devi, surrounded by towering deodar cedar trees.",4.6,0,1.5,Morning,32.2483,77.1804
A045,Rohtang Pass,Manali,Manali,Himachal Pradesh,Mountain Pass / Snow,"High mountain pass at 13,058 ft connecting Kullu with Lahaul and Spiti, featuring permanent glaciers and snow points.",4.8,500,5.0,Morning,32.3716,77.2466
A046,Jogini Waterfalls,Manali,Vashisht,Himachal Pradesh,Waterfall / Trekking,Scenic short mountain trek from Vashisht village through apple orchards to a cascading stream.,4.7,0,2.5,Afternoon,32.268,77.195
A047,Virupaksha Temple,Hampi,Hampi,Karnataka,Spiritual / UNESCO,"Seventh-century working Shiva temple with an imposing 50-meter gopuram, holy elephant Lakshmi, and Tungabhadra views.",4.8,25,2.0,Morning,15.335,76.46
A048,Vijaya Vittala Temple & Stone Chariot,Hampi,Hampi,Karnataka,UNESCO / Monument,The pinnacle of Vijayanagara architecture featuring musical stone pillars and the iconic monolithic Garuda stone chariot.,4.9,40,2.5,Afternoon,15.34,76.475
A049,Matanga Hill,Hampi,Hampi,Karnataka,Viewpoint / Trekking,The highest point in Hampi providing a breathtaking 360-degree panorama of ancient ruins and boulder landscapes at sunrise.,4.8,0,2.0,Morning,15.332,76.467
A050,Pangong Tso Lake,Leh Ladakh,Leh,Ladakh,Alpine Lake / Nature,"High-altitude endorheic lake at 14,270 ft extending into Tibet, renowned for shifting blue hues from azure to turquoise.",4.9,0,4.0,Afternoon,33.7595,78.6674
A051,Nubra Valley & Hunder Sand Dunes,Leh Ladakh,Diskit,Ladakh,Desert / Valley,High-altitude cold desert valley famous for white sand dunes and double-humped Bactrian camel rides.,4.8,0,4.0,Sunset / Evening,34.5833,77.5667
A052,Thiksey Monastery,Leh Ladakh,Thiksey,Ladakh,Monastery / Buddhist,"Twelve-story Gompa resembling Potala Palace of Lhasa, housing a 49-foot high statue of Maitreya Future Buddha.",4.8,30,2.0,Morning,34.0583,77.6667
A053,Triveni Ghat Evening Aarti,Rishikesh,Rishikesh,Uttarakhand,Spiritual / Ceremony,"Mesmerizing evening prayer ritual with Vedic chants, roaring conch shells, and thousands of floating leaf lamps on the Ganga.",4.8,0,1.5,Sunset / Evening,30.103,78.298
A054,Ram Jhula & Laxman Jhula,Rishikesh,Rishikesh,Uttarakhand,Bridge / Landmark,"Iconic iron suspension footbridges across the holy Ganges connecting temples, ashrams, and riverside cafes.",4.6,0,1.5,Morning,30.125,78.315
A055,Beatles Ashram (Chaurasi Kutia),Rishikesh,Rishikesh,Uttarakhand,Heritage / Music,"Former ashram of Maharishi Mahesh Yogi where The Beatles composed the White Album, adorned with graffiti art.",4.5,150,2.0,Afternoon,30.116,78.312
A056,Dashashwamedh Ghat,Varanasi,Varanasi,Uttar Pradesh,Ghat / Spiritual,"The main and most historic ghat of Varanasi, famous for its grand synchronized evening Ganga Maha Aarti.",4.9,0,2.0,Sunset / Evening,25.3076,83.0104
A057,Kashi Vishwanath Temple,Varanasi,Varanasi,Uttar Pradesh,Spiritual / Jyotirlinga,"One of the twelve revered Jyotirlinga Shiva temples, crowned with golden domes and renovated corridor.",4.8,0,2.0,Morning,25.3109,83.0107
A058,Sarnath Buddhist Site,Varanasi,Sarnath,Uttar Pradesh,Buddhist Heritage / UNESCO,Deer park where Gautama Buddha first taught the Dharma; features Dhamek Stupa and Ashoka Pillar.,4.7,25,2.5,Morning,25.3811,83.0214
A059,Taj Mahal,Agra,Agra,Uttar Pradesh,World Wonder / UNESCO,The eternal ivory-white marble mausoleum on the Yamuna river built by Emperor Shah Jahan in memory of Mumtaz Mahal.,4.9,50,3.0,Morning,27.1751,78.0421
A060,Agra Fort,Agra,Agra,Uttar Pradesh,Mughal Fort / UNESCO,Massive 16th-century red sandstone fortress that served as the primary residence of the Mughal emperors.,4.7,50,2.5,Afternoon,27.1795,78.0211
A061,Abbey Falls,Coorg,Madikeri,Karnataka,Waterfall / Nature,"Roaring cascade nestled within private spice estates and coffee plantations, viewed from a suspension bridge.",4.5,15,1.5,Morning,12.4533,75.7197
A062,Namdroling Tibetan Monastery,Coorg,Bylakuppe,Karnataka,Spiritual / Tibetan,"The Golden Temple of Bylakuppe, second largest Tibetan settlement in India, with 40-foot gilded statues.",4.8,0,2.0,Morning,12.43,75.96
A063,Nilgiri Mountain Railway (Toy Train),Ooty,Ooty,Tamil Nadu,UNESCO / Train Ride,"Historic steam locomotive railway chugging through 16 tunnels, 250 bridges, and steep forested ravines.",4.8,100,3.5,Morning,11.41,76.7
A064,Ooty Botanical Gardens,Ooty,Ooty,Tamil Nadu,Garden / Nature,"Sprawling 55-acre terraced garden established in 1848, home to thousands of exotic plant species and a fossil tree trunk.",4.4,40,2.0,Afternoon,11.4172,76.7111
A065,Vembanad Lake Backwaters,Alleppey,Alappuzha,Kerala,Backwaters / Houseboat,"Longest lake in India, the epicentre of Kerala's serene backwater cruises and annual Nehru Trophy Boat Race.",4.9,0,5.0,Sunset / Evening,9.58,76.38
A066,Marari Beach,Alleppey,Mararikulam,Kerala,Beach / Peaceful,"Clean, secluded coconut-fringed beach offering peaceful golden sands far away from commercial crowds.",4.7,0,2.5,Sunset / Evening,9.6,76.3
A067,Golden Temple (Sri Harmandir Sahib),Amritsar,Amritsar,Punjab,Spiritual / Sikh Heritage,"The holiest Sikh Gurdwara plated in real gold, surrounded by the holy Amrit Sarovar tank and serving free langar to all.",4.9,0,3.0,Morning,31.62,74.8765
A068,Wagah Border Retreat Ceremony,Amritsar,Attari,Punjab,Patriotic / Ceremony,Electrifying daily military parade and flag-lowering ceremony conducted by BSF India and Pakistan Rangers.,4.8,0,2.5,Sunset / Evening,31.6042,74.5739
A069,Jaisalmer Fort (Sonar Qila),Jaisalmer,Jaisalmer,Rajasthan,Fort / Living Heritage,One of the very few 'living forts' in the world where a quarter of the city's population still resides within golden walls.,4.8,100,2.5,Morning,26.9124,70.9126
A070,Sam Sand Dunes,Jaisalmer,Sam,Rajasthan,Desert / Dunes,"Classic rolling Thar desert sand dunes where visitors take camel treks, jeep safaris, and camp under the stars.",4.7,0,4.0,Sunset / Evening,26.8333,70.5
A071,Radhanagar Beach,Andaman Islands,Havelock Island,Andaman and Nicobar Islands,Beach / World Class,"Ranked among Asia's best beaches by Time magazine, famous for turquoise waters, white sand, and sunset horizon.",4.9,0,3.5,Sunset / Evening,11.9833,92.95
A072,Cellular Jail National Memorial,Andaman Islands,Port Blair,Andaman and Nicobar Islands,History / Memorial,"Historic colonial prison used by the British to exile Indian freedom fighters, known as 'Kala Pani'.",4.7,30,2.5,Afternoon,11.674,92.7483
A073,Sinhagad Fort,Pune,Pune,Maharashtra,Fort / Trekking,"Strategic Maratha hill fort famous for Tanaji Malusare's bravery, offering panoramic Sahyadri views and hot pitla bhakri.",4.6,50,3.0,Morning,18.3663,73.7558
A074,Shaniwar Wada,Pune,Pune,Maharashtra,Palace Fort / Historical,"Historic seat of the Peshwa rulers of the Maratha Empire, famed for its massive fortified Delhi Gate and fountains.",4.3,25,1.5,Afternoon,18.5194,73.8553
A075,Kolaba Fort,Alibaug,Alibaug,Maharashtra,Sea Fort / Heritage,"Ancient 300-year-old Maratha sea fort located 1 km out at sea, reachable on foot at low tide or by horse cart.",4.4,25,2.0,Morning,18.6433,72.8569
A076,Kashid Beach,Alibaug,Kashid,Maharashtra,Beach / Coastal,"White sand beach framed by Casuarina groves and Arabian sea surf, popular for water scooters and banana rides.",4.5,0,3.0,Sunset / Evening,18.45,72.9
A077,Sai Baba Samadhi Temple,Shirdi,Shirdi,Maharashtra,Spiritual / Pilgrimage,"Sacred shrine containing the white Italian marble samadhi of saint Sai Baba, radiating peaceful devotion.",4.8,0,2.5,Morning,19.7667,74.4764
A078,Dwarkamai Mosque,Shirdi,Shirdi,Maharashtra,Spiritual / Heritage,"Ancient mosque where Sai Baba lived for over 60 years, featuring the perpetual holy dhuni fire.",4.7,0,1.0,Afternoon,19.765,74.475
