destination_id,destination,city,state,country,description,category,attractions,activities,rating,estimated_cost_per_day,duration,best_season,best_months,travel_group,crowd_level,walking_level,famous_for,suitable_for
D001,Goa,Panaji,Goa,India,"India's premier coastal paradise famous for sun-kissed golden beaches, vibrant nightlife, Portuguese colonial architecture, beach shacks, water sports, and tranquil backwaters in South Goa.","Beach, Coastal, Nightlife, Relaxation, Water Sports","Baga Beach, Calangute Beach, Fort Aguada, Dudhsagar Falls, Basilica of Bom Jesus, Palolem Beach, Anjuna Flea Market","Scuba diving, Parasailing, Sunbathing, Beach parties, Heritage walks, Sunset boat cruise, Dolphin watching",4.8,2800,3-5 days,Winter,October to March,"Friends, Solo, Couples, Family",High,Low,"Golden sandy beaches, vibrant shacks, seafood curries, trance music, Portuguese heritage churches","beach, nightlife, water sports, romantic, photography, food, relaxation, friends"
D002,Jaipur,Jaipur,Rajasthan,India,"The regal Pink City of Rajasthan, steeped in royal Rajput history, magnificent hill forts, opulent palaces, vibrant bazaars, colorful handicrafts, and rich culinary heritage.","Heritage, Culture, Royal Palaces, Historical, Architecture","Amber Fort, Hawa Mahal, City Palace, Jantar Mantar, Nahargarh Fort, Jal Mahal, Chokhi Dhani","Fort exploration, Royal palace tours, Traditional Rajasthani dining, Textile shopping, Photography, Elephant safari",4.7,2400,2-3 days,Winter,October to March,"Family, Couples, Solo, Friends",High,Moderate,"Pink sandstone monuments, Amber fort light show, Rajasthani royal jewelry, traditional block prints","historical, culture, photography, royal, shopping, food, family, architecture"
D003,Lonavala,Lonavala,Maharashtra,India,"A picturesque green hill station nestled in the Sahyadri ranges between Mumbai and Pune, renowned for gushing monsoon waterfalls, mist-covered valleys, ancient rock-cut caves, and famous walnut fudge and chikki.","Hill Station, Nature, Weekend Getaway, Waterfalls, Scenic","Tiger Point, Bhushi Dam, Karla Caves, Bhaja Caves, Rajmachi Fort, Lion's Point, Pawna Lake","Monsoon waterfall trekking, Camping by Pawna Lake, Cave exploration, Photography, Valley viewing, Nature walks",4.3,2000,1-2 days,Monsoon,"June to September, October to February","Friends, Couples, Family, Solo",High,Moderate,"Monsoon greenery, scenic viewpoints, Tiger Point mist, chikki candy, lakeside camping","nature, waterfalls, weekend, photography, trekking, peaceful, romantic, friends"
D004,Matheran,Matheran,Maharashtra,India,"Asia's only completely automobile-free hill station, perched atop the Western Ghats. A tranquil, eco-sensitive paradise of red laterite roads, dense forested canopies, panoramic clifftop viewpoints, and absolute peace free from vehicle pollution.","Hill Station, Nature, Eco-Tourism, Peaceful, Weekend Getaway","Louisa Point, Charlotte Lake, Panorama Point, Echo Point, Alexander Point, Toy Train Ride, One Tree Hill","Horseback riding, Forest hiking, Valley watching, Sunrise and sunset photography, Bird watching, Toy train ride",4.6,1800,2 days,"Monsoon, Winter","October to May, July to September for waterfalls","Couples, Family, Nature Lovers, Solo",Low,Moderate,"Vehicle-free clean air, historic toy train, red mud pathways, Louisa point valley view, peaceful silence","peaceful, nature, eco-friendly, romantic, weekend, photography, relaxing, low crowd"
D005,Mumbai,Mumbai,Maharashtra,India,"The dynamic coastal financial capital of India, the city of dreams where Victorian Gothic heritage meets shimmering Arabian Sea promenades, Bollywood glamour, iconic street food, and sleepless energy.","Metropolitan, Coastal Heritage, Food, Nightlife, Architecture","Gateway of India, Marine Drive, Chhatrapati Shivaji Maharaj Terminus, Elephanta Caves, Juhu Beach, Colaba Causeway, Bandra Bandstand","Heritage architecture walking, Sunset walks on Queen's Necklace, Street food tasting, Ferry ride to Elephanta, Art gallery tours",4.6,3200,2-4 days,Winter,November to February,"Solo, Friends, Family, Business",High,Moderate,"Marine Drive sunset, Marine lines Queen's necklace, Vada Pav, Bollywood, Victorian architecture","culture, street food, coastal, photography, nightlife, architecture, shopping"
D006,Mahabaleshwar,Mahabaleshwar,Maharashtra,India,"The strawberry capital of India, a lush plateau hill station in the Western Ghats surrounded by emerald evergreen forests, roaring waterfalls, strawberry farms, and dramatic cliffs.","Hill Station, Nature, Strawberry Farms, Scenic Viewpoints","Arthur's Seat, Venna Lake, Elephant's Head Point, Lingmala Waterfall, Mapro Garden, Pratapgad Fort","Boating at Venna Lake, Strawberry picking, Fort hiking, Valley photography, Waterfall sightseeing",4.5,2200,2-3 days,"Monsoon, Winter","October to June, July to August for lush rains","Family, Couples, Friends",Moderate,Low,"Fresh strawberries with cream, Mapro garden shakes, Venna lake boating, Arthur's seat Queen of Points","nature, peaceful, family, romantic, photography, strawberry, weekend, low walking"
D007,Gokarna,Gokarna,Karnataka,India,"A laid-back spiritual and coastal haven where rugged Western Ghats meet pristine secluded beaches. A peaceful, uncrowded, budget-friendly alternative to commercial beach resorts with scenic cliff treks.","Beach, Peaceful, Trekking, Spiritual, Budget Coastal","Om Beach, Kudle Beach, Half Moon Beach, Paradise Beach, Mahabaleshwar Temple, Mirjan Fort","Beach trekking between cliffs, Yoga and meditation, Temple visits, Sunset watching, Beachside shack dining",4.7,1600,2-4 days,Winter,October to March,"Solo, Friends, Couples, Backpackers",Low,Moderate,"Om-shaped natural beach, cliff-side beach trekking, peaceful secluded shores, serene temple town vibe","peaceful, beach, trekking, budget, solo, photography, offbeat, nature, relaxation"
D008,Udaipur,Udaipur,Rajasthan,India,"The City of Lakes and the Venice of the East, famed for fairy-tale white marble palaces floating on serene lakes, Aravali hill backdrops, romantic rooftop dining, and royal Mewar hospitality.","Romantic, Royal Heritage, Lakes, Architecture, Culture","City Palace Udaipur, Lake Pichola, Jag Mandir, Saheliyon-ki-Bari, Monsoon Palace (Sajjangarh), Bagore Ki Haveli","Sunset boat ride on Lake Pichola, Palace museum tours, Cultural folk dance shows, Rooftop dining, Photography",4.9,2600,2-3 days,Winter,September to March,"Couples, Family, Solo, Friends",Moderate,Low,"Lake Pichola boat cruise, City Palace grandeur, sunset from Monsoon Palace, romantic lakefront ambiance","romantic, royal, lakes, heritage, photography, peaceful, culture, couples"
D009,Munnar,Munnar,Kerala,India,"Kerala's breathtaking hill retreat carpeted in undulating velvet green tea plantations, misty mountain peaks, exotic flora like Neelakurinji, wildlife sanctuaries, and sparkling waterfalls.","Hill Station, Tea Gardens, Nature, Scenic, Peaceful","Tea Gardens, Eravikulam National Park, Mattupetty Dam, Anamudi Peak, Attukad Waterfalls, Top Station","Tea factory museum visits, Nilgiri Tahr spotting, Hiking, Boating, Spice plantation tours, Photography",4.8,2100,3-4 days,"Winter, Monsoon",September to May,"Couples, Family, Nature Lovers, Solo",Moderate,Low,"Endless manicured tea estates, cool mountain breeze, Anamudi peak, fresh homemade chocolates","peaceful, nature, romantic, photography, tea, scenic, family, relaxation"
D010,Hyderabad,Hyderabad,Telangana,India,"The historic City of Pearls, where centuries of royal Nizami heritage and monumental Qutb Shahi architecture blend seamlessly with a high-tech modern metropolis and world-famous aromatic biryani.","Heritage, Cuisine, Food, Architecture, Culture","Charminar, Golconda Fort, Salar Jung Museum, Chowmahalla Palace, Hussain Sagar Lake, Ramoji Film City","Acoustic wonder at Golconda Fort, Authentic Biryani trail, Pearl shopping at Laad Bazaar, Museum exploration",4.6,2200,2-3 days,Winter,October to March,"Family, Foodies, History Enthusiasts, Friends",Moderate,Moderate,"Authentic Hyderabadi Dum Biryani, Charminar monument, natural pearls, Golconda fort acoustics","food, heritage, history, architecture, shopping, family, culture"
D011,Manali,Manali,Himachal Pradesh,India,"A high-altitude Himalayan resort town nestled in the Beas River Valley, renowned for snow-clad peaks, apple orchards, thrilling adventure sports, hot springs, and serving as the gateway to Leh Ladakh.","Himalayas, Snow, Adventure, Nature, Mountain","Solang Valley, Rohtang Pass, Hadimba Temple, Old Manali Cafes, Jogini Waterfalls, Vashisht Hot Springs","Skiing, Paragliding, River rafting in Beas, Snowboarding, Trekking, Cafe culture, Shopping for woolens",4.7,2500,3-5 days,"Summer, Winter for snow",October to June (Snow in Dec-Feb),"Friends, Couples, Adventure Seekers, Solo",High,Moderate,"Snow point at Rohtang Pass, Solang adventure valley, wooden Hadimba temple, Old Manali chill vibe","adventure, snow, nature, mountains, trekking, romantic, photography, sports"
D012,Hampi,Hampi,Karnataka,India,"A UNESCO World Heritage open-air museum set in a surreal boulder-strewn landscape, featuring the magnificent ruined palaces, monolithic sculptures, and temple complexes of the historic Vijayanagara Empire.","UNESCO Heritage, Historical, Ruins, Culture, Boulders","Virupaksha Temple, Vijaya Vittala Stone Chariot, Lotus Mahal, Elephant Stables, Matanga Hill, Tungabhadra River","Bicycle exploration of ruins, Sunset hike to Matanga Hill, Coracle boat ride on Tungabhadra, Photography, Bouldering",4.9,1500,2-3 days,Winter,October to March,"Solo, Backpackers, History Buffs, Photographers",Low,High,"Iconic Stone Chariot, musical pillars, Virupaksha temple, surreal boulder landscapes, hippy island vibe","historical, unesco, photography, culture, budget, solo, offbeat, ruins, adventure"
D013,Pondicherry,Puducherry,Puducherry,India,"A charming coastal French colonial enclave on the Bay of Bengal, known for its mustard-colored pastel villas, bougainvillea-lined boulevards, French bakeries, spiritual ashrams, and tranquil beaches.","Colonial Heritage, French Quarters, Spiritual, Coastal, Cafes","Promenade Beach, White Town, Sri Aurobindo Ashram, Auroville Matrimandir, Paradise Beach, French War Memorial","Bicycle rides through French White Town, Croissant & cafe hopping, Meditation at Auroville, Surfing, Beach walks",4.6,2000,2-3 days,Winter,October to March,"Couples, Solo, Friends, Family",Moderate,Low,"French architectural quarters, Auroville golden globe, authentic French cafes, peaceful seaside promenade","peaceful, romantic, cafes, coastal, photography, spiritual, culture, low walking"
D014,Leh Ladakh,Leh,Ladakh,India,"The Land of High Passes, a surreal high-altitude desert framed by barren jagged mountains, sapphire alpine lakes, ancient Buddhist monasteries, prayer flags, and dramatic mountain passes.","High Altitude, Adventure, Lakes, Monasteries, Road Trip","Pangong Tso Lake, Nubra Valley, Khardung La Pass, Magnetic Hill, Thiksey Monastery, Shanti Stupa, Sangam Point","Motorcycle road trips, Double-humped camel safari, Stargazing, High mountain pass crossing, Monastery meditation",4.9,3500,5-7 days,Summer,May to September,"Friends, Adventure Seekers, Solo, Bikers",Moderate,Moderate,"Changing colors of Pangong Lake, highest motorable roads, sand dunes of Nubra, Buddhist chants","adventure, photography, road trip, nature, mountains, offbeat, scenic, spiritual"
D015,Rishikesh,Rishikesh,Uttarakhand,India,"The Yoga Capital of the World, situated in the Himalayan foothills where the emerald holy Ganges rushes from the mountains. Celebrated for adrenaline-fueled white-water rafting, yoga ashrams, and tranquil spiritual ghats.","Spiritual, Adventure, River Rafting, Yoga, Foothills","Ram Jhula, Laxman Jhula, Triveni Ghat Ganga Aarti, Beatles Ashram, Shivpuri Rafting Point, Neer Garh Waterfall","White-water river rafting, Bungee jumping, Cliff jumping, Evening Ganga Aarti, Yoga and sound healing sessions",4.7,1800,2-4 days,"Spring, Autumn, Winter","September to November, March to May","Solo, Friends, Spiritual Seekers, Adventure Lovers",Moderate,Moderate,"White water river rafting in Ganga, Triveni Ghat Aarti with floating lamps, yoga ashrams, suspension bridges","adventure, spiritual, nature, river rafting, budget, solo, photography, peaceful"
D016,Varanasi,Varanasi,Uttar Pradesh,India,"One of the world's oldest continually inhabited cities, the spiritual heart of India on the sacred banks of the Ganges, famous for ancient ghats, evocative rituals, evening aarti, silk sarees, and timeless spiritual atmosphere.","Spiritual, Cultural Heritage, Ancient City, Sacred Ghats","Dashashwamedh Ghat, Kashi Vishwanath Temple, Assi Ghat, Manikarnika Ghat, Sarnath, Banaras Hindu University","Dawn boat ride along the Ghats, Evening Grand Ganga Aarti, Sarnath Buddhist monastery visit, Street food tasting, Silk shopping",4.8,1700,2-3 days,Winter,October to March,"Spiritual Seekers, Solo, Family, Photographers",High,Moderate,"Spectacular Dashashwamedh Aarti, sunrise boat ride, Kashi Vishwanath corridor, Banarasi paan and lassi","spiritual, culture, photography, ancient, heritage, budget, street food"
D017,Agra,Agra,Uttar Pradesh,India,"Home to the immortal Taj Mahal, the pinnacle of Mughal architecture and an eternal symbol of love, along with the monumental red sandstone Agra Fort and the abandoned imperial city of Fatehpur Sikri.","Mughal Heritage, World Wonder, UNESCO, Architecture","Taj Mahal, Agra Fort, Fatehpur Sikri, Mehtab Bagh, Tomb of Itimad-ud-Daulah (Baby Taj)","Sunrise viewing of Taj Mahal, Mughal fort exploration, Heritage walking tours, Tasting Agra Petha sweet",4.8,2300,1-2 days,Winter,October to March,"Family, Couples, Solo, International",High,Moderate,"Taj Mahal white marble wonder, Mehtab Bagh reflection across Yamuna, Agra Fort ramparts, Petha sweets","historical, unesco, romantic, photography, architecture, culture, family"
D018,Coorg,Madikeri,Karnataka,India,"The Scotland of India, an emerald mountain district blanketed in aromatic coffee estates, spice plantations, lush rainforests, gushing cascades, and the warrior Kodava cultural traditions.","Hill Station, Coffee Plantations, Nature, Waterfalls, Peaceful","Abbey Falls, Raja's Seat, Dubare Elephant Camp, Namdroling Tibetan Monastery (Golden Temple), Talakaveri, Nagarhole National Park","Coffee estate walking tours, Bathing elephants at Dubare, Tibetan monastery visit, Trekking to Tadiandamol, Birdwatching",4.7,2200,2-3 days,"Monsoon, Winter","October to April, July to September for roaring waterfalls","Couples, Family, Friends, Nature Lovers",Moderate,Low,"Aromatic Arabica coffee plantations, Abbey falls gush, Tibetan golden temple, Kodava pork curry and honey","nature, peaceful, coffee, waterfalls, romantic, family, relaxing, low walking"
D019,Ooty,Udhagamandalam,Tamil Nadu,India,"The Queen of Hill Stations in the Nilgiri Blue Mountains, famous for its historic UNESCO toy train, cool eucalyptus-scented breezes, vast tea gardens, colonial heritage bungalows, and serene lakes.","Hill Station, Colonial Heritage, Tea Gardens, Toy Train","Ooty Lake, Nilgiri Mountain Railway, Botanical Gardens, Doddabetta Peak, Rose Garden, Pykara Waterfalls","UNESCO toy train ride, Boating on Ooty lake, Peak viewpoint photography, Tasting Nilgiri tea and homemade chocolates",4.6,2100,2-3 days,"Summer, Winter",October to June,"Family, Couples, Seniors",Moderate,Low,"Nilgiri steam toy train, Botanical garden flowers, cool weather refuge, homemade dark chocolate","nature, family, romantic, peaceful, scenic, low walking, tea, toy train"
D020,Darjeeling,Darjeeling,West Bengal,India,"The Champagne of Teas hill town in the Eastern Himalayas, offering awe-inspiring panoramas of Mount Kanchenjunga (the world's third highest peak), vintage steam toy trains, and fragrant tea plantations.","Himalayas, Mountain Views, Tea Estates, UNESCO Toy Train","Tiger Hill Sunrise, Batasia Loop, Darjeeling Himalayan Railway, Happy Valley Tea Estate, Peace Pagoda, Padmaja Naidu Himalayan Zoo","Sunrise watch over Kanchenjunga, Joy ride on Himalayan Toy Train, High tea tasting, Red panda spotting at Zoo",4.7,2300,3-4 days,"Spring, Autumn","March to May, October to December","Family, Couples, Tea Lovers, Solo",Moderate,Moderate,"Kanchenjunga golden sunrise from Tiger Hill, world-famous Darjeeling Muscatel tea, antique toy train","mountains, nature, photography, tea, scenic, romantic, unesco, culture"
D021,Shillong,Shillong,Meghalaya,India,"The Scotland of the East and the rock capital of India, nestled in the pine hills of Meghalaya. Celebrated for crystal-clear rivers, living root bridges nearby in Cherrapunji, roaring waterfalls, and vibrant music culture.","North East, Waterfalls, Living Root Bridges, Pine Hills, Music","Umiam Lake, Elephant Falls, Shillong Peak, Don Bosco Centre for Indigenous Cultures, Laitlum Canyons, Ward's Lake","Boating and water sports at Umiam, Canyon ridge trekking at Laitlum, Exploring living root bridges, Indie live music cafes",4.8,2200,3-4 days,"Monsoon, Autumn",September to May (Lush waterfalls in June-August),"Friends, Nature Lovers, Solo, Music Fans",Low,Moderate,"Laitlum canyons misty gorge, Elephant falls tiers, clean Umiam lake, live rock music scene","nature, waterfalls, offbeat, peaceful, photography, scenic, music, adventure"
D022,Alleppey,Alappuzha,Kerala,India,"The Venice of the East, celebrated for tranquil emerald backwater canals, traditional thatched Kettuvallam houseboats gliding past coconut groves, paddy fields, and serene coastal lagoons.","Backwaters, Houseboats, Coastal, Relaxation, Scenic","Vembanad Lake, Alleppey Beach, Marari Beach, Pathiramanal Island, Kuttanad Paddy Fields, Krishnapuram Palace","Overnight luxury houseboat cruise, Canoe rides in narrow canals, Traditional Karimeen fish dining, Ayurvedic massage",4.9,3000,2-3 days,Winter,September to March,"Couples, Family, Seniors, Relaxation",Moderate,Low,"Traditional backwater houseboat stays, swaying coconut lagoons, scenic snake boat races, peaceful slow travel","romantic, peaceful, relaxation, family, backwaters, nature, low walking, photography"
D023,Amritsar,Amritsar,Punjab,India,"The spiritual and cultural capital of the Sikhs, home to the breathtaking Golden Temple (Harmandir Sahib), patriotic Wagah Border ceremony, soulful community langar, and rich Punjabi street food.","Spiritual, Heritage, Patriotism, Food Culture","Golden Temple (Sri Harmandir Sahib), Jallianwala Bagh, Wagah Border, Partition Museum, Gobindgarh Fort","Volunteering at the Mega Langar kitchen, Experiencing sunset retreat at Wagah border, Amritsari Kulcha trail",4.9,1800,2 days,Winter,October to March,"Family, Solo, Spiritual Seekers, Foodies",High,Low,"Golden temple reflection in sacred Amrit Sarovar pool, Wagah border ceremony goosebumps, Amritsari Kulcha","spiritual, culture, heritage, food, family, patriotism, photography, low walking"
D024,Jaisalmer,Jaisalmer,Rajasthan,India,"The Golden City of the Thar Desert, distinguished by its magnificent living sandstone fort rising from golden sand dunes, ornate merchant havelis, desert camel safaris, and stargazing under desert skies.","Desert, Sand Dunes, Golden Fort, Heritage, Adventure","Jaisalmer Fort (Sonar Qila), Sam Sand Dunes, Patwon Ki Haveli, Gadisar Lake, Kuldhara Ghost Village, Thar Desert Camp","Camel & Jeep safari in Sam sand dunes, Desert camping under the stars, Folk music by campfire, Haveli architecture tour",4.8,2400,2-3 days,Winter,October to March,"Friends, Couples, Adventure, Solo",Moderate,Moderate,"Living golden sandstone fort, Sam sand dunes camel safari, desert camping with folk dances, Gadisar lake sunset","desert, adventure, photography, royal, heritage, camping, culture, offbeat"
D025,Andaman Islands,Port Blair,Andaman and Nicobar Islands,India,"An exotic tropical archipelago in the Bay of Bengal, blessed with turquoise waters, pristine powdery white sand beaches, untouched coral reefs, dense rainforests, and historic colonial landmarks.","Tropical Island, Scuba Diving, Beaches, Coral Reefs, Exotic","Radhanagar Beach (Havelock), Elephant Beach, Cellular Jail, Ross Island, Neil Island (Shaheed Dweep), Baratang Caves","Scuba diving among corals, Sea karting, Snorkeling at Elephant Beach, Light and sound show at Cellular jail",4.9,3800,5-7 days,Winter,October to May,"Couples, Honeymooners, Families, Water Sports Lovers",Moderate,Low,"Radhanagar beach (Asia's best beach), crystal clear scuba diving, bioluminescence, historic Cellular jail","beach, romantic, scuba, water sports, exotic, nature, photography, honeymoon"
D026,Pune,Pune,Maharashtra,India,"The cultural capital of Maharashtra and the Oxford of the East, surrounded by Maratha hill forts, premier educational institutions, thriving tech and startup hubs, vibrant cafes, and trekking trails.","Heritage, Maratha History, Forts, Youth Culture, Cuisine","Sinhagad Fort, Shaniwar Wada, Aga Khan Palace, Dagdusheth Halwai Ganpati Temple, Vetal Tekdi, FC Road Cafes","Trekking to Sinhagad for Kanda Bhaji & Pitla Bhakri, Historical palace tour, Street shopping on FC road, Cafe hopping",4.5,1900,1-3 days,"Monsoon, Winter",July to February,"Friends, Solo, Students, Family",Moderate,Moderate,"Sinhagad fort sunrise, authentic Misal Pav, Shaniwar Wada Maratha history, Aga Khan Palace, vibrant youth culture","heritage, food, trekking, forts, youth, culture, budget, weekend"
D027,Alibaug,Alibaug,Maharashtra,India,"A popular coastal getaway located just a short scenic ferry ride from the Gateway of India in Mumbai, featuring black and golden sand beaches, historic sea forts, coconut orchards, and mouthwatering Konkani seafood.","Coastal, Beach, Weekend Getaway, Sea Fort, Relaxation","Varsoli Beach, Kolaba Fort, Nagaon Beach, Kashid Beach, Murud Janjira Fort, Kanakeshwar Forest Temple","Water sports at Nagaon, Walking to Kolaba fort at low tide, Speedboat ride to Murud Janjira, Authentic seafood dining",4.4,2000,1-2 days,"Winter, Monsoon",October to April,"Friends, Family, Couples, Weekend Travelers",Moderate,Low,"Kolaba sea fort in the water, Kashid white sand beach, quick ferry ride from Mumbai, fresh Surmai fry","beach, weekend, water sports, coastal, seafood, friends, family, low walking"
D028,Wayanad,Kalpetta,Kerala,India,"A tranquil green mountainous plateau in Kerala, nestled among the mist-laden Western Ghats, renowned for prehistoric cave petroglyphs, bamboo forests, wildlife reserves, spice plantations, and cascading waterfalls.","Nature, Wildlife, Caves, Waterfalls, Eco-Tourism, Peaceful","Edakkal Caves, Banasura Sagar Dam, Chembra Peak Heart Lake, Soochipara Falls, Wayanad Wildlife Sanctuary, Muthanga","Trekking to Chembra heart-shaped lake, Prehistoric cave petroglyph viewing, Dam speedboating, Wildlife jungle safari",4.7,2000,3-4 days,"Monsoon, Winter",October to May (Monsoons for lush greenery),"Nature Lovers, Couples, Friends, Family",Low,Moderate,"Edakkal prehistoric stone age engravings, Chembra heart-shaped lake, Banasura earthen dam, spice plantations","nature, peaceful, waterfalls, trekking, wildlife, romantic, offbeat, photography"
D029,Kochi,Kochi,Kerala,India,"The Queen of the Arabian Sea, a vibrant port city where iconic Chinese fishing nets, Portuguese and Dutch colonial mansions, spice warehouses, art galleries, and cosmopolitan cafe culture converge.","Coastal Heritage, Art & Culture, Spice Trade, History","Fort Kochi, Chinese Fishing Nets, Mattancherry Dutch Palace, Jewish Synagogue, Marine Drive Kochi, Kathakali Centre","Sunset photography at Chinese fishing nets, Watching Kathakali classical dance drama, Spice shopping in Jew Town, Art cafe trail",4.7,2200,2-3 days,Winter,October to March,"Culture Seekers, Solo, Couples, Family",Moderate,Low,"Cantilevered Chinese fishing nets, Kochi-Muziris art biennale, Jewish synagogue, historic spice warehouses","culture, art, history, heritage, coastal, food, photography, low walking"
D030,Dharamshala,Dharamshala,Himachal Pradesh,India,"The serene mountain residence of His Holiness the Dalai Lama and the Tibetan Government-in-Exile, set against the towering snow-clad Dhauladhar range, renowned for monasteries, meditation, cafes, and pine forests.","Himalayas, Tibetan Culture, Spiritual, Mountain Trekking","Tsuglagkhang Complex (Dalai Lama Temple), McLeod Ganj Market, Triund Trek, Bhagsunag Waterfall, Namgyal Monastery, St. John in the Wilderness","Triund day trek, Tibetan momo and thukpa food trail, Meditation and Buddhist philosophy classes, Shopping for singing bowls",4.8,1800,3-4 days,"Spring, Summer, Autumn","March to June, September to December","Solo, Backpackers, Spiritual Seekers, Friends",Moderate,Moderate,"Dalai Lama's temple, Triund camping ridge under Dhauladhar stars, McLeod Ganj cafe culture, Tibetan handicrafts","peaceful, spiritual, mountains, trekking, solo, budget, culture, nature"
D031,Nainital,Nainital,Uttarakhand,India,"The City of Lakes in the Kumaon Himalayas, centered around the emerald crescent-shaped Naini Lake, enveloped by oak and rhododendron forests, offering mountain vistas and cool colonial charm.","Lakes, Hill Station, Nature, Mountain Views","Naini Lake, Naina Devi Temple, Snow View Point, Tiffin Top, Eco Cave Gardens, Mall Road","Boating on Naini Lake, Ropeway ride to Snow View, Cave crawling at Eco Cave, Strolling along Mall Road, Candle shopping",4.5,2000,2-3 days,"Summer, Winter","March to June, October to February","Family, Couples, Seniors",High,Low,"Boating on crescent Naini lake, panoramic snow peaks from Snow View, handmade aromatic candles","nature, lakes, family, romantic, scenic, low walking, peaceful"
D032,Gangtok,Gangtok,Sikkim,India,"The clean, scenic, and cosmopolitan capital of Sikkim, perched on a mountain ridge with breathtaking views of Mount Kanchenjunga, vibrant Buddhist monasteries, alpine cable cars, and pristine glacial lakes.","North East, Himalayas, Glacial Lakes, Monasteries","Tsomgo (Changu) Lake, Nathula Pass, Rumtek Monastery, MG Marg, Ban Jhakri Falls, Ganesh Tok, Tashi Viewpoint","Yak ride at high-altitude Tsomgo Lake, Nathula border pass visit, Evening stroll on pedestrian MG Marg, Monastery visits",4.8,2500,3-5 days,"Spring, Autumn","March to May, October to mid-December","Family, Couples, Adventure, Nature",Moderate,Moderate,"Glacial Tsomgo Lake, Nathula Indo-China border, spotless litter-free MG Marg, colorful prayer wheels","mountains, nature, photography, offbeat, family, romantic, culture, scenic"
D033,Shimla,Shimla,Himachal Pradesh,India,"The erstwhile British summer capital of India, a charming colonial hill station surrounded by pine forests, Victorian neo-gothic architecture, the bustling pedestrian Mall Road, and scenic snow peaks.","Hill Station, Colonial Architecture, Heritage, Snow","The Ridge, Mall Road, Jakhoo Temple, Christ Church, Viceregal Lodge, Kufri Snow Point","UNESCO toy train ride, Strolling on the Ridge, Visiting Jakhoo giant Hanuman statue, Horse riding at Kufri",4.5,2300,2-3 days,"Summer, Winter for snow","March to June, November to February","Family, Couples, Seniors",High,Low,"Christ Church on the Ridge, Kalka-Shimla heritage toy train, Kufri snow adventure, colonial heritage","family, romantic, colonial, snow, nature, low walking, shopping"
D034,Kanyakumari,Kanyakumari,Tamil Nadu,India,"The southernmost tip of the Indian subcontinent, where the Arabian Sea, the Gulf of Mannar, and the Indian Ocean converge. Renowned for miraculous simultaneous sunrise and sunset views, and the sacred Vivekananda Rock Memorial.","Coastal, Spiritual, Ocean Convergence, Sunrise & Sunset","Vivekananda Rock Memorial, Thiruvalluvar Statue, Kanyakumari Beach, Bhagavathy Amman Temple, Gandhi Memorial Mandapam","Watching sunrise and sunset from the same beach, Ferry ride to Vivekananda rock memorial, Multi-colored sand collecting",4.6,1700,1-2 days,Winter,October to March,"Family, Seniors, Spiritual, Solo",Moderate,Low,"Triveni Sangam confluence of three oceans, majestic Vivekananda Rock memorial, iconic sunrise and sunset","spiritual, coastal, nature, family, photography, low walking, budget"
D035,Mysore,Mysuru,Karnataka,India,"The City of Palaces and royal heritage, famed for the dazzling Mysore Palace illuminated with thousands of golden bulbs, royal sandalwood fragrances, silk weaving, yoga institutes, and the vibrant grand Dasara festival.","Royal Heritage, Palaces, Culture, Silk & Sandalwood","Mysore Palace, Chamundi Hills, Brindavan Gardens, St. Philomena's Cathedral, Devaraja Market, Karanji Lake","Witnessing Sunday evening Mysore Palace illumination, Climbing Chamundi hill, Musical fountain show at Brindavan, Tasting Mysore Pak",4.7,1900,2 days,"Winter, Autumn",September to March,"Family, Seniors, Cultural Enthusiasts, Couples",Moderate,Low,"100,000 bulbs illuminated Mysore Palace, melt-in-mouth Mysore Pak sweet, pure Mysore silk, Chamundeshwari temple","royal, heritage, family, culture, architecture, low walking, photography"
D036,Shirdi,Shirdi,Maharashtra,India,"One of India's most venerated pilgrimage hubs, the sacred abode of the revered saint Sai Baba, drawing millions of devotees seeking spiritual solace, communal harmony, and blessings.","Pilgrimage, Spiritual, Religious, Peace","Sai Baba Samadhi Temple, Dwarkamai Mosque, Chavadi, Khandoba Mandir, Sai Heritage Village, Wet N Joy Water Park","VIP or general Samadhi darshan, Visiting Dwarkamai holy fire (Dhuni), Partaking in Prasadalaya communal dining",4.8,1400,1-2 days,Winter,October to March,"Family, Seniors, Pilgrims",High,Low,"Sai Baba holy samadhi, eternal sacred dhuni flame in Dwarkamai, peaceful spiritual energy, massive free meal hall","spiritual, religious, family, seniors, low walking, budget, peaceful"
