food_id,destination,state,cuisine,food_item,description,type,famous_spots,price_range
F001,Goa,Goa,Goan Coastal & Portuguese,Goan Fish Curry & Rice,"Tender kingfish or pomfret simmered in tangy, spicy coconut milk with dried kokum and Kashmiri red chillies.",Non-Veg,"Vinayak Family Restaurant (Assagao), Ritz Classic (Panaji)",Budget (₹150-₹300)
F002,Goa,Goa,Goan Dessert,Bebinca,"Traditional 7 to 16 layered Indo-Portuguese pudding baked with coconut milk, sugar, ghee, and egg yolk.",Veg,"Infantaria Bakery (Baga), Martin's Corner (Betalbatim)",Budget (₹100-₹200)
F003,Goa,Goa,Goan Street Snack,Pao with Mushroom Xacuti,"Fragrant curry roasted with white poppy seeds, dried coconut, and whole spices served with freshly baked poee bread.",Veg,"Panaji Church Square Tea Kiosks, Cafe Tato",Budget (₹80-₹150)
F004,Jaipur,Rajasthan,Rajasthani Traditional,Dal Baati Churma,"Crisp baked whole wheat baatis crushed and dipped in pure desi ghee, served with five-lentil spicy dal and sweet crushed churma.",Veg,"Laxmi Misthan Bhandar (LMB) Johari Bazaar, Chokhi Dhani",Mid-range (₹250-₹500)
F005,Jaipur,Rajasthan,Rajasthani Sweet,Ghevar & Pyaz Kachori,"Honeycomb disc-shaped sweet soaked in saffron sugar syrup, paired with piping hot crisp onion-filled kachoris.",Veg,"Rawat Mishthan Bhandar, LMB Jaipur",Budget (₹50-₹120)
F006,Jaipur,Rajasthan,Rajasthani Royal Non-Veg,Laal Maas,"Fiery royal mutton curry cooked with Mathania red chilies, garlic, and yogurt; historically prepared after royal tiger hunts.",Non-Veg,"Handi Restaurant (MI Road), Niros",Mid-range (₹400-₹700)
F007,Mumbai,Maharashtra,Maharashtrian Street Food,Vada Pav & Pav Bhaji,"Spicy potato fritter stuffed in fresh pav bun with garlic chutney, and buttery mashed vegetable bhaji with toasted pav.",Veg,"Ashok Vada Pav (Kirti College), Sardar Pav Bhaji (Tardeo), Cannon Pav Bhaji",Budget (₹30-₹150)
F008,Mumbai,Maharashtra,Konkani Coastal,Bombil Fry & Surmai Thali,Crispy semolina (rava) crusted Bombay Duck fish and kingfish thali with coconut solkadhi.,Non-Veg,"Gajalee (Vile Parle), Mahesh Lunch Home, Highway Gomantak",Mid-range (₹300-₹600)
F009,Mumbai,Maharashtra,Parsi Cafe Cuisine,Bun Maska & Irani Chai,Crusty bun slathered with rich salted Amul butter dipped into sweet cardamom-infused Irani milk tea.,Veg,"Kyani & Co (Marine Lines), Britannia & Co, Cafe Mondegar",Budget (₹50-₹100)
F010,Hyderabad,Telangana,Hyderabadi Nizami,Hyderabadi Dum Biryani,"Fragrant long-grain basmati rice and marinated goat meat layered with saffron, mint, and spices, cooked on slow dum in a sealed handi.",Non-Veg,"Paradise (Secunderabad), Bawarchi (RTC X Roads), Cafe Bahar, Shadab",Mid-range (₹250-₹450)
F011,Hyderabad,Telangana,Nizami Dessert,Double Ka Meetha & Irani Chai,"Royal bread pudding soaked in saffron-infused milk and cardamom, garnished with roasted cashews and silver foil.",Veg,"Nimrah Cafe near Charminar, Pista House",Budget (₹40-₹100)
F012,Hyderabad,Telangana,Hyderabadi Street Special,Hyderabadi Haleem,"Slow-cooked savory porridge of pounded meat, lentils, broken wheat, and pure ghee, garnished with fried onions and lemon.",Non-Veg,"Pista House, Sarvi, Shah Ghouse",Budget (₹150-₹250)
F013,Lonavala,Maharashtra,Maharashtra Sweet & Snack,Lonavala Chikki & Walnut Fudge,"Crunchy brittle confection made from jaggery and roasted peanuts, along with velvety chocolate walnut fudge.",Veg,"Maganlal Chikki, Cooper's Fudge",Budget (₹100-₹300)
F014,Matheran,Maharashtra,Maharashtrian Rustic,Pithla Bhakri & Thecha,"Wholesome chickpea flour curry served with rustic bajra or jowar flatbread, spicy crushed green chili thecha, and raw onions.",Veg,Local dhabas near Charlotte Lake and Matheran Bazaar,Budget (₹80-₹150)
F015,Mahabaleshwar,Maharashtra,Fresh Agri-Dessert,Fresh Strawberries with Whipped Cream,Plump handpicked red strawberries smothered in thick fresh sweetened cream and strawberry ice cream.,Veg,"Mapro Garden (Panchgani road), Bagicha Corner",Budget (₹150-₹250)
F016,Gokarna,Karnataka,Coastal Kannada & Shack Fusion,Prawn Ghee Roast & Neer Dosa,"Succulent prawns roasted in spicy Byadgi chilli paste and pure ghee, paired with paper-thin lace rice crepes.",Non-Veg,"Namaste Cafe (Om Beach), Chez Christophe (Kudle Beach)",Mid-range (₹200-₹400)
F017,Munnar,Kerala,Kerala Traditional,Appam with Vegetable / Chicken Stew,"Lacy fermented rice batter hoppers with a fluffy soft center, served with coconut milk aromatic vegetable stew.",Both,"Rapsy Restaurant, Saravana Bhavan Munnar",Budget (₹100-₹250)
F018,Alleppey,Kerala,Kerala Backwater Seafood,Karimeen Pollichathu,"Fresh pearl spot fish marinated in shallots, ginger, and spices, wrapped in tender banana leaves and pan-grilled.",Non-Veg,"Thaff Restaurant, Houseboat onboard dining",Mid-range (₹300-₹550)
F019,Pune,Maharashtra,Maharashtrian Puneri,Puneri Misal Pav,"Spicy sprouted moth bean curry topped with crunchy farsan mixture, diced onions, lemon, and served with hot buttery pav.",Veg,"Katakirr Misal (Erandwane), Bedekar Misal, Vaidya Upahar Gruha",Budget (₹60-₹120)
F020,Pune,Maharashtra,Puneri Sweet & Drink,Mango Mastani & Bakarwadi,"Rich thick mango milkshake topped with ice cream, cherries, and dry fruits, paired with savory Chitale Bandhu spiral snacks.",Veg,"Sujata Mastani, Chitale Bandhu Mithaiwale",Budget (₹70-₹150)
F021,Amritsar,Punjab,Punjabi Authentic,Amritsari Kulcha with Chole & Lassi,"Crispy, layered tandoor-baked flatbread stuffed with spiced potatoes and onions, served with spicy chickpeas and churned sweet lassi.",Veg,"Bhai Kulwant Singh Kulchian Wale, Kesar Da Dhaba",Budget (₹80-₹160)
F022,Varanasi,Uttar Pradesh,Banarasi Street Delicacies,Banarasi Kachori Sabzi & Malaiyo,"Crispy hing-flavored kachoris with tangy potato curry, followed by frothy saffron-infused winter milk foam dessert.",Veg,"Ram Bhandar (Thatheri Bazaar), Blue Lassi Shop, Keshav Tambul",Budget (₹40-₹100)
