query,intent,source
Where should I go on vacation?,destination_discovery,curated_paraphrase
Explore new travel destinations in India,destination_discovery,curated_paraphrase
Show me interesting places to visit,destination_discovery,curated_paraphrase
What are some good vacation spots?,destination_discovery,curated_paraphrase
I want to discover somewhere new to visit,destination_discovery,curated_paraphrase
List popular tourist destinations,destination_discovery,curated_paraphrase
Where can I travel this year?,destination_discovery,curated_paraphrase
Find me unique holiday spots,destination_discovery,curated_paraphrase
Give me ideas for my next holiday,destination_discovery,curated_paraphrase
What are the top travel destinations right now?,destination_discovery,curated_paraphrase
Show me hidden gems and offbeat destinations,destination_discovery,curated_paraphrase
Looking for travel inspiration,destination_discovery,curated_paraphrase
Where should I plan my next trip?,destination_discovery,curated_paraphrase
Tell me about popular tourist regions in India,destination_discovery,curated_paraphrase
Discover new hill stations or beaches,destination_discovery,curated_paraphrase
I want to see different places to travel,destination_discovery,curated_paraphrase
What are some wonderful places to see?,destination_discovery,curated_paraphrase
Discover unique travel locations,destination_discovery,curated_paraphrase
Any suggestions for places I haven't seen before?,destination_discovery,curated_paraphrase
Explore beautiful holiday destinations,destination_discovery,curated_paraphrase
Recommend a nice place to visit for 3 days,destination_recommendation,curated_paraphrase
Suggest places to visit near Mumbai,destination_recommendation,curated_paraphrase
Where should I travel from Delhi for a weekend?,destination_recommendation,curated_paraphrase
Can you suggest a good holiday destination?,destination_recommendation,curated_paraphrase
Recommend some scenic places in Maharashtra,destination_recommendation,curated_paraphrase
Where is a great place to take a break from work?,destination_recommendation,curated_paraphrase
Suggest somewhere to visit with friends,destination_recommendation,curated_paraphrase
I need travel recommendations for south India,destination_recommendation,curated_paraphrase
Recommend destinations with great scenery,destination_recommendation,curated_paraphrase
Where can I go for a short trip?,destination_recommendation,curated_paraphrase
Suggest a good destination for relaxation,destination_recommendation,curated_paraphrase
I want recommendations for places near Pune,destination_recommendation,curated_paraphrase
Give me destination recommendations for next month,destination_recommendation,curated_paraphrase
Suggest some great travel getaways,destination_recommendation,curated_paraphrase
Which tourist spot do you recommend most?,destination_recommendation,curated_paraphrase
I am looking for travel suggestions,destination_recommendation,curated_paraphrase
Suggest places to visit in Goa,destination_recommendation,curated_paraphrase
Suggest somewhere near Mumbai for a weekend,destination_recommendation,curated_paraphrase
Where should we go this weekend?,destination_recommendation,curated_paraphrase
Recommend a destination with good weather,destination_recommendation,curated_paraphrase
What are the top attractions in Goa?,attraction_recommendation,curated_paraphrase
What to see in Jaipur?,attraction_recommendation,curated_paraphrase
Must visit places in Mumbai,attraction_recommendation,curated_paraphrase
Show me tourist attractions in Udaipur,attraction_recommendation,curated_paraphrase
What are famous sights in Munnar?,attraction_recommendation,curated_paraphrase
What can I see in Hampi?,attraction_recommendation,curated_paraphrase
Top monuments to visit in Agra,attraction_recommendation,curated_paraphrase
Best sightseeing spots in Manali,attraction_recommendation,curated_paraphrase
What are the main places of interest in Amritsar?,attraction_recommendation,curated_paraphrase
Tell me what to see in Pondicherry,attraction_recommendation,curated_paraphrase
Which attractions shouldn't I miss in Kerala?,attraction_recommendation,curated_paraphrase
What points of interest are in Matheran?,attraction_recommendation,curated_paraphrase
List key sights and forts in Mahabaleshwar,attraction_recommendation,curated_paraphrase
What are the best viewpoints in Lonavala?,attraction_recommendation,curated_paraphrase
Show me popular landmarks in Hyderabad,attraction_recommendation,curated_paraphrase
What should I see in Leh Ladakh?,attraction_recommendation,curated_paraphrase
Tell me about famous temples and ghats in Varanasi,attraction_recommendation,curated_paraphrase
Which beaches should I visit in Gokarna?,attraction_recommendation,curated_paraphrase
Sightseeing spots in Coorg,attraction_recommendation,curated_paraphrase
What attractions are there in Ooty?,attraction_recommendation,curated_paraphrase
Plan a 3 day trip to Jaipur,itinerary_planning,curated_paraphrase
Make me a 5 day itinerary for Rajasthan,itinerary_planning,curated_paraphrase
How should I plan 4 days in Goa?,itinerary_planning,curated_paraphrase
Create an itinerary for 2 days in Mumbai,itinerary_planning,curated_paraphrase
Give me a day by day plan for Munnar,itinerary_planning,curated_paraphrase
Plan a weekend itinerary for Lonavala,itinerary_planning,curated_paraphrase
How to spend 3 days in Udaipur?,itinerary_planning,curated_paraphrase
Schedule my 4-day vacation in Kerala,itinerary_planning,curated_paraphrase
Plan a 2 day sightseeing trip to Agra and Delhi,itinerary_planning,curated_paraphrase
Make an itinerary for a trip to Hampi,itinerary_planning,curated_paraphrase
Can you create a travel plan for Manali?,itinerary_planning,curated_paraphrase
Plan a 5 day Ladakh tour,itinerary_planning,curated_paraphrase
Generate a 3 day itinerary for Varanasi,itinerary_planning,curated_paraphrase
Detailed day wise schedule for Pondicherry,itinerary_planning,curated_paraphrase
How many days do I need for Amritsar and what schedule?,itinerary_planning,curated_paraphrase
Design an itinerary for Gokarna weekend,itinerary_planning,curated_paraphrase
Make a 4-day travel route for Meghalaya,itinerary_planning,curated_paraphrase
How to organize a 3 day visit to Hyderabad?,itinerary_planning,curated_paraphrase
Create an itinerary for Coorg and Mysore,itinerary_planning,curated_paraphrase
Plan my 2-day Matheran trip,itinerary_planning,curated_paraphrase
I have around ₹10000 for a 3 day Goa trip,budget_planning,curated_paraphrase
I have ₹8000 and 3 days from Mumbai,budget_planning,curated_paraphrase
Can I do a trip under ₹5000?,budget_planning,curated_paraphrase
What will a 4 day trip to Jaipur cost?,budget_planning,curated_paraphrase
How much budget do I need for Udaipur?,budget_planning,curated_paraphrase
Calculate the expenses for a weekend in Lonavala,budget_planning,curated_paraphrase
Estimated budget for a week in Ladakh,budget_planning,curated_paraphrase
How expensive is Kerala for 5 days?,budget_planning,curated_paraphrase
I have a budget of 15000 for two people,budget_planning,curated_paraphrase
Plan a trip within ₹7000,budget_planning,curated_paraphrase
What is the cost breakdown for Matheran?,budget_planning,curated_paraphrase
Is ₹12000 enough for 4 days in Manali?,budget_planning,curated_paraphrase
Can I visit Gokarna on a shoestring budget?,budget_planning,curated_paraphrase
How much money should I keep for food and stay in Mumbai?,budget_planning,curated_paraphrase
Budget estimation for traveling to Pondicherry,budget_planning,curated_paraphrase
I have a low budget of ₹6000 where can I go?,budget_planning,curated_paraphrase
Estimate total expenses for Munnar trip,budget_planning,curated_paraphrase
Is Hampi cheap for backpackers?,budget_planning,curated_paraphrase
Cost of traveling to Andaman for 5 days,budget_planning,curated_paraphrase
Break down the budget for a 2 day trip to Mahabaleshwar,budget_planning,curated_paraphrase
How can I travel from Mumbai to Goa?,transportation,curated_paraphrase
What is the best way to reach Lonavala from Mumbai?,transportation,curated_paraphrase
How to get to Matheran from Pune?,transportation,curated_paraphrase
Are there direct flights from Delhi to Jaipur?,transportation,curated_paraphrase
How to reach Gokarna by train?,transportation,curated_paraphrase
What are the transport options from Bangalore to Coorg?,transportation,curated_paraphrase
How can I reach Leh Ladakh by road?,transportation,curated_paraphrase
Best route to drive from Mumbai to Mahabaleshwar,transportation,curated_paraphrase
How to travel from Delhi to Agra?,transportation,curated_paraphrase
Is there a toy train to Ooty?,transportation,curated_paraphrase
How do I reach Munnar from Kochi airport?,transportation,curated_paraphrase
Can I take a ferry from Mumbai to Alibaug?,transportation,curated_paraphrase
How to get to Rishikesh from Delhi by train or bus?,transportation,curated_paraphrase
Distance and travel time between Mumbai and Pune,transportation,curated_paraphrase
How to reach Hampi from Bangalore?,transportation,curated_paraphrase
Best way to commute between Delhi and Manali,transportation,curated_paraphrase
How to reach Amritsar from Delhi?,transportation,curated_paraphrase
Ferry timings and boat rides in Alleppey,transportation,curated_paraphrase
How can I get to Pondicherry from Chennai?,transportation,curated_paraphrase
Transit options from Mumbai to Udaipur,transportation,curated_paraphrase
Where should I stay in Goa?,accommodation,curated_paraphrase
Recommend budget hotels in Jaipur,accommodation,curated_paraphrase
Best luxury resorts in Udaipur near Lake Pichola,accommodation,curated_paraphrase
Are there good homestays in Coorg?,accommodation,curated_paraphrase
Where to find beachfront shacks in Gokarna?,accommodation,curated_paraphrase
Suggest places to stay in Mumbai near Marine Drive,accommodation,curated_paraphrase
Hostels for backpackers in Rishikesh,accommodation,curated_paraphrase
Best areas to stay in Munnar tea gardens,accommodation,curated_paraphrase
Affordable guesthouses in Hampi,accommodation,curated_paraphrase
Where should I book a hotel in Manali?,accommodation,curated_paraphrase
Houseboat stays in Alleppey recommendations,accommodation,curated_paraphrase
Suggest family-friendly hotels in Mahabaleshwar,accommodation,curated_paraphrase
Good heritage havelis to stay in Jaisalmer,accommodation,curated_paraphrase
Where to stay in Pondicherry French Quarter?,accommodation,curated_paraphrase
Resorts in Lonavala with scenic view,accommodation,curated_paraphrase
Hotels near Golden Temple in Amritsar,accommodation,curated_paraphrase
Safe accommodations in Varanasi near the ghats,accommodation,curated_paraphrase
Where to stay in Leh city?,accommodation,curated_paraphrase
Cheap accommodations in Matheran,accommodation,curated_paraphrase
Best boutique stays in Kochi,accommodation,curated_paraphrase
What food should I try in Hyderabad?,food_recommendation,curated_paraphrase
What should I eat in Maharashtra?,food_recommendation,curated_paraphrase
I'm vegetarian. What food should I try in Pune?,food_recommendation,curated_paraphrase
What local food is famous in Jaipur?,food_recommendation,curated_paraphrase
Must-try street food in Mumbai,food_recommendation,curated_paraphrase
Famous dishes and seafood in Goa,food_recommendation,curated_paraphrase
What cuisine is famous in Kerala?,food_recommendation,curated_paraphrase
Authentic food to try in Amritsar,food_recommendation,curated_paraphrase
Tell me about Banarasi street food and sweets,food_recommendation,curated_paraphrase
What should I eat in Udaipur?,food_recommendation,curated_paraphrase
Famous sweets and fudge in Lonavala,food_recommendation,curated_paraphrase
Where to eat authentic Dal Baati Churma?,food_recommendation,curated_paraphrase
Best places to eat Hyderabadi Dum Biryani,food_recommendation,curated_paraphrase
Vegetarian food specialties in Rajasthan,food_recommendation,curated_paraphrase
What is Pithla Bhakri and where to eat it?,food_recommendation,curated_paraphrase
Strawberries and cream in Mahabaleshwar,food_recommendation,curated_paraphrase
Culinary specialties of Pondicherry French cafes,food_recommendation,curated_paraphrase
Local food to taste in Manali and Himachal,food_recommendation,curated_paraphrase
What breakfast items should I try in South India?,food_recommendation,curated_paraphrase
Best tea and snacks in Darjeeling,food_recommendation,curated_paraphrase
What activities can I do in Goa?,activity_recommendation,curated_paraphrase
Fun things to do in Manali,activity_recommendation,curated_paraphrase
Adventure sports in Rishikesh,activity_recommendation,curated_paraphrase
What to do in Udaipur for fun?,activity_recommendation,curated_paraphrase
Activities for tourists in Mumbai,activity_recommendation,curated_paraphrase
Things to do in Lonavala on a weekend,activity_recommendation,curated_paraphrase
What can I do in Munnar besides visiting tea gardens?,activity_recommendation,curated_paraphrase
Water sports and scuba diving in Andaman,activity_recommendation,curated_paraphrase
What activities are available in Matheran?,activity_recommendation,curated_paraphrase
Things to do in Jaipur in the evening,activity_recommendation,curated_paraphrase
Trekking and camping activities in Gokarna,activity_recommendation,curated_paraphrase
Boat rides and activities in Alleppey backwaters,activity_recommendation,curated_paraphrase
What can tourists do in Hampi?,activity_recommendation,curated_paraphrase
Fun activities in Pondicherry,activity_recommendation,curated_paraphrase
What to do in Jaisalmer desert?,activity_recommendation,curated_paraphrase
Things to do in Mahabaleshwar,activity_recommendation,curated_paraphrase
Activities to do in Coorg coffee estates,activity_recommendation,curated_paraphrase
What can I experience in Varanasi?,activity_recommendation,curated_paraphrase
Sightseeing and things to do in Leh,activity_recommendation,curated_paraphrase
Activities in Pune for travelers,activity_recommendation,curated_paraphrase
When is the best time to visit Goa?,best_time_to_visit,curated_paraphrase
Best time to go to Rajasthan,best_time_to_visit,curated_paraphrase
When should I travel to Leh Ladakh?,best_time_to_visit,curated_paraphrase
Which month is best for Manali snow?,best_time_to_visit,curated_paraphrase
When is the ideal season to visit Munnar?,best_time_to_visit,curated_paraphrase
What is the best time of year to visit Varanasi?,best_time_to_visit,curated_paraphrase
When should I plan a trip to Kerala?,best_time_to_visit,curated_paraphrase
Best months to explore Hampi without excessive heat,best_time_to_visit,curated_paraphrase
When is the ideal time to travel to Kashmir?,best_time_to_visit,curated_paraphrase
What is the peak tourist season in Jaipur?,best_time_to_visit,curated_paraphrase
Best time of year to visit Andaman Islands,best_time_to_visit,curated_paraphrase
Is October a good time for Darjeeling?,best_time_to_visit,curated_paraphrase
When should I visit Ooty?,best_time_to_visit,curated_paraphrase
Best months to visit Rishikesh for river rafting,best_time_to_visit,curated_paraphrase
When does it snow in Shimla?,best_time_to_visit,curated_paraphrase
What is the best time to visit Mahabaleshwar?,best_time_to_visit,curated_paraphrase
When is the best season to explore Pondicherry?,best_time_to_visit,curated_paraphrase
Best time of the year for Gokarna beaches,best_time_to_visit,curated_paraphrase
Which month is ideal for Udaipur lakes?,best_time_to_visit,curated_paraphrase
When to visit Amritsar Golden Temple?,best_time_to_visit,curated_paraphrase
What are some underrated places to visit during monsoon?,seasonal_travel,curated_paraphrase
Best places to visit in summer in India,seasonal_travel,curated_paraphrase
Where to go during winter vacation?,seasonal_travel,curated_paraphrase
Top destinations for monsoon travel in Maharashtra,seasonal_travel,curated_paraphrase
Where can I travel in July and August?,seasonal_travel,curated_paraphrase
Best winter getaways with warm weather,seasonal_travel,curated_paraphrase
Where should I go to escape the summer heat?,seasonal_travel,curated_paraphrase
Great autumn travel destinations in October,seasonal_travel,curated_paraphrase
Where to travel during spring season?,seasonal_travel,curated_paraphrase
Rainy season holiday destinations,seasonal_travel,curated_paraphrase
Cool hill stations to visit in May and June,seasonal_travel,curated_paraphrase
Places to visit during Diwali holidays,seasonal_travel,curated_paraphrase
Where is it pleasant to travel in December?,seasonal_travel,curated_paraphrase
Monsoon trips near Mumbai and Pune,seasonal_travel,curated_paraphrase
Snowy winter destinations in North India,seasonal_travel,curated_paraphrase
Destinations good for travel in January,seasonal_travel,curated_paraphrase
Best places to visit during Christmas vacation,seasonal_travel,curated_paraphrase
Summer vacation destinations for family,seasonal_travel,curated_paraphrase
Where can I see lush waterfalls during rains?,seasonal_travel,curated_paraphrase
Offbeat monsoon getaways,seasonal_travel,curated_paraphrase
I'm travelling with my parents and they can't walk too much. Where should we go?,family_travel,curated_paraphrase
I am travelling with my parents,family_travel,curated_paraphrase
Best holiday destinations for a family with kids,family_travel,curated_paraphrase
Where should I travel with elderly parents?,family_travel,curated_paraphrase
Family vacation ideas in South India,family_travel,curated_paraphrase
Suggest places with gentle walking and easy accessibility for seniors,family_travel,curated_paraphrase
Safe and comfortable destinations for family trip,family_travel,curated_paraphrase
Vacation spots suitable for grandparents and children,family_travel,curated_paraphrase
Where can a family relax together for 4 days?,family_travel,curated_paraphrase
Family-friendly destinations in Maharashtra,family_travel,curated_paraphrase
Where to go with parents who prefer temples and calm places?,family_travel,curated_paraphrase
Suggest scenic places where lots of climbing is not required,family_travel,curated_paraphrase
Kid friendly vacation spots in India,family_travel,curated_paraphrase
Comfortable travel recommendations for older travelers,family_travel,curated_paraphrase
Where to travel with parents in winter?,family_travel,curated_paraphrase
Family tour packages ideas in Rajasthan,family_travel,curated_paraphrase
Destinations with low walking requirement for seniors,family_travel,curated_paraphrase
Peaceful family vacation without hectic travel,family_travel,curated_paraphrase
Best family retreats with minimal trekking,family_travel,curated_paraphrase
Where should I take my parents for their anniversary?,family_travel,curated_paraphrase
Best destinations for solo travel in India,solo_travel,curated_paraphrase
I am planning a solo trip where should I go?,solo_travel,curated_paraphrase
Safe places for female solo travelers,solo_travel,curated_paraphrase
Solo backpacking destinations on a budget,solo_travel,curated_paraphrase
Where can I travel alone peacefully?,solo_travel,curated_paraphrase
Suggest places for first-time solo traveler,solo_travel,curated_paraphrase
Solo trip to Himachal Pradesh recommendations,solo_travel,curated_paraphrase
Is Gokarna good for solo travelers?,solo_travel,curated_paraphrase
Where can I meet other backpackers on a solo trip?,solo_travel,curated_paraphrase
Solo traveler friendly hostels and towns,solo_travel,curated_paraphrase
I want to travel alone to introspect and write,solo_travel,curated_paraphrase
Best places in South India for solo travelers,solo_travel,curated_paraphrase
Solo trip ideas for a 3-day weekend,solo_travel,curated_paraphrase
Safe destinations for woman traveling alone,solo_travel,curated_paraphrase
Solo travel in Rishikesh or Dharamshala,solo_travel,curated_paraphrase
I want to do a solo road trip,solo_travel,curated_paraphrase
Top places for a solo nature retreat,solo_travel,curated_paraphrase
Where to go solo from Bangalore?,solo_travel,curated_paraphrase
Solo backpacking across Rajasthan,solo_travel,curated_paraphrase
Planning my first trip by myself,solo_travel,curated_paraphrase
Plan something romantic but affordable,romantic_travel,curated_paraphrase
Best honeymoon destinations in India,romantic_travel,curated_paraphrase
Romantic weekend getaways for couples,romantic_travel,curated_paraphrase
Suggest quiet romantic places near Mumbai,romantic_travel,curated_paraphrase
Where should I go for our first anniversary?,romantic_travel,curated_paraphrase
Cozy hill stations for couples,romantic_travel,curated_paraphrase
Romantic beach destinations for a couple,romantic_travel,curated_paraphrase
Intimate holiday spots with candlelight dining,romantic_travel,curated_paraphrase
Is Udaipur good for a romantic trip?,romantic_travel,curated_paraphrase
Suggest a scenic romantic resort getaway,romantic_travel,curated_paraphrase
Places to visit with my wife for vacation,romantic_travel,curated_paraphrase
Romantic places in Kerala with houseboats,romantic_travel,curated_paraphrase
Where can couples enjoy peaceful sunsets?,romantic_travel,curated_paraphrase
Honeymoon spots in North East India,romantic_travel,curated_paraphrase
Romantic travel ideas on a modest budget,romantic_travel,curated_paraphrase
Fairy-tale romantic destinations in India,romantic_travel,curated_paraphrase
Suggest a special trip for two,romantic_travel,curated_paraphrase
Private and uncrowded romantic retreats,romantic_travel,curated_paraphrase
Scenic spots to propose or celebrate romance,romantic_travel,curated_paraphrase
Romantic lakeside destinations,romantic_travel,curated_paraphrase
Where can I find thrilling adventure sports?,adventure_travel,curated_paraphrase
I want adventure activities near Pune,adventure_travel,curated_paraphrase
Best places for river rafting and bungee jumping,adventure_travel,curated_paraphrase
Where to go for scuba diving in India?,adventure_travel,curated_paraphrase
Trekking and paragliding destinations in Himachal,adventure_travel,curated_paraphrase
Adrenaline-pumping trips for young people,adventure_travel,curated_paraphrase
High-altitude adventure tours in Ladakh,adventure_travel,curated_paraphrase
Thrilling bike trip routes in the mountains,adventure_travel,curated_paraphrase
Where can I do rock climbing and bouldering?,adventure_travel,curated_paraphrase
Extreme sports vacation spots,adventure_travel,curated_paraphrase
Water sports and parasailing destinations,adventure_travel,curated_paraphrase
Best treks in the Western Ghats,adventure_travel,curated_paraphrase
Adventure weekend getaways from Mumbai,adventure_travel,curated_paraphrase
Skiing and snowboarding places in India,adventure_travel,curated_paraphrase
Where to go for wild jungle safaris?,adventure_travel,curated_paraphrase
White water rafting destinations,adventure_travel,curated_paraphrase
Cliff jumping and cave exploration spots,adventure_travel,curated_paraphrase
Exciting adventure trip with college friends,adventure_travel,curated_paraphrase
Off-roading and jeep safari destinations,adventure_travel,curated_paraphrase
Thrilling travel experiences in India,adventure_travel,curated_paraphrase
Suggest peaceful nature destinations,nature_travel,curated_paraphrase
I love photography and waterfalls. Suggest somewhere near Mumbai,nature_travel,curated_paraphrase
Where can I find green forests and quiet valleys?,nature_travel,curated_paraphrase
Best wildlife sanctuaries and birdwatching spots,nature_travel,curated_paraphrase
I want to disconnect from everything and be in nature,nature_travel,curated_paraphrase
Suggest scenic hill stations surrounded by tea gardens,nature_travel,curated_paraphrase
Nature photography holiday destinations,nature_travel,curated_paraphrase
Where can I see scenic lakes and mountains?,nature_travel,curated_paraphrase
Quiet nature retreat away from city pollution,nature_travel,curated_paraphrase
Beautiful landscapes and waterfalls in Western Ghats,nature_travel,curated_paraphrase
"I love mountains and mist, suggest places to visit",nature_travel,curated_paraphrase
Lush green destinations for nature lovers,nature_travel,curated_paraphrase
Peaceful lakeside getaways,nature_travel,curated_paraphrase
Where can I see national parks and tigers?,nature_travel,curated_paraphrase
Scenic viewpoints and valleys in South India,nature_travel,curated_paraphrase
Nature trails and botanical gardens,nature_travel,curated_paraphrase
Unspoiled pristine nature spots,nature_travel,curated_paraphrase
Where to see natural beauty in Northeast India?,nature_travel,curated_paraphrase
Quiet mountain villages with great nature,nature_travel,curated_paraphrase
Where to travel for fresh air and greenery?,nature_travel,curated_paraphrase
Best historical places to visit in India,historical_travel,curated_paraphrase
I love ancient architecture and forts,historical_travel,curated_paraphrase
Show me UNESCO World Heritage sites to visit,historical_travel,curated_paraphrase
Places rich in Maratha history and hill forts,historical_travel,curated_paraphrase
Historical palaces and monuments of Rajasthan,historical_travel,curated_paraphrase
Where can I see ancient rock-cut cave temples?,historical_travel,curated_paraphrase
Tell me about historic cities with rich heritage,historical_travel,curated_paraphrase
Destinations for history buffs and architecture lovers,historical_travel,curated_paraphrase
Explore ancient ruins of Vijayanagara empire in Hampi,historical_travel,curated_paraphrase
Mughal heritage and architecture tour in India,historical_travel,curated_paraphrase
Colonial French and Portuguese historic towns,historical_travel,curated_paraphrase
Where can I explore old museums and palaces?,historical_travel,curated_paraphrase
Heritage walk destinations in India,historical_travel,curated_paraphrase
Historical significance of Ajanta and Ellora,historical_travel,curated_paraphrase
Ancient cities with thousands of years of history,historical_travel,curated_paraphrase
Historic landmarks to see in Delhi and Agra,historical_travel,curated_paraphrase
Forts to visit around Pune and Maharashtra,historical_travel,curated_paraphrase
Royal monuments and living forts in Jaisalmer,historical_travel,curated_paraphrase
Cultural and architectural heritage trips,historical_travel,curated_paraphrase
History tours in South India,historical_travel,curated_paraphrase
Spiritual destinations for pilgrimage in India,religious_travel,curated_paraphrase
Where should I go for temple darshan with family?,religious_travel,curated_paraphrase
Sacred ghats and Ganga aarti destinations,religious_travel,curated_paraphrase
Famous Jyotirlinga temples in Maharashtra,religious_travel,curated_paraphrase
Tell me about holy pilgrimage to Shirdi Sai Baba,religious_travel,curated_paraphrase
Spiritual ashrams and meditation centers in Rishikesh,religious_travel,curated_paraphrase
Visiting the holy Golden Temple in Amritsar,religious_travel,curated_paraphrase
Sacred rituals and temples of Varanasi,religious_travel,curated_paraphrase
Spiritual peace and Buddhist monasteries in Ladakh,religious_travel,curated_paraphrase
Famous temples in South India to visit,religious_travel,curated_paraphrase
Pilgrimage circuits and holy cities,religious_travel,curated_paraphrase
Where to go for spiritual healing and meditation?,religious_travel,curated_paraphrase
Spiritual trip for grandparents,religious_travel,curated_paraphrase
Sacred churches of Old Goa,religious_travel,curated_paraphrase
Where to find serenity and prayer in the Himalayas?,religious_travel,curated_paraphrase
Religious tours across Uttar Pradesh and Uttarakhand,religious_travel,curated_paraphrase
Atmalinga temple at Gokarna significance,religious_travel,curated_paraphrase
Tibetan Buddhist monasteries in Dharamshala,religious_travel,curated_paraphrase
Spiritual retreat to renew energy,religious_travel,curated_paraphrase
Pilgrim places easily accessible by senior citizens,religious_travel,curated_paraphrase
Quick weekend trip ideas from Mumbai,weekend_trip,curated_paraphrase
Where can I go for a 2 day weekend from Pune?,weekend_trip,curated_paraphrase
Weekend getaways near Delhi under 4 hours,weekend_trip,curated_paraphrase
Short 2-day escape from city rush,weekend_trip,curated_paraphrase
Where should I go this Saturday and Sunday?,weekend_trip,curated_paraphrase
Weekend road trips from Bangalore,weekend_trip,curated_paraphrase
Best spots for a quick 48 hour vacation,weekend_trip,curated_paraphrase
Easy weekend trip destinations,weekend_trip,curated_paraphrase
Quick hill station break for the weekend,weekend_trip,curated_paraphrase
Weekend getaway near Hyderabad,weekend_trip,curated_paraphrase
Where to drive for a weekend near Mumbai?,weekend_trip,curated_paraphrase
Short weekend beach trip,weekend_trip,curated_paraphrase
Relaxing 2-day trip ideas,weekend_trip,curated_paraphrase
Where to spend the coming long weekend?,weekend_trip,curated_paraphrase
Quick nature weekend trip,weekend_trip,curated_paraphrase
Weekend camping spots near Pune,weekend_trip,curated_paraphrase
2 day itinerary for a quick break,weekend_trip,curated_paraphrase
Weekend getaways with direct train connectivity,weekend_trip,curated_paraphrase
Where can I travel for only two days?,weekend_trip,curated_paraphrase
Short weekend vacation planning,weekend_trip,curated_paraphrase
"Which is better for a weekend, Lonavala or Matheran?",destination_comparison,curated_paraphrase
Compare Goa and Gokarna for a budget trip,destination_comparison,curated_paraphrase
Manali vs Shimla which is better for snowfall?,destination_comparison,curated_paraphrase
Ooty or Munnar which should I choose?,destination_comparison,curated_paraphrase
Which is better between Jaipur and Udaipur?,destination_comparison,curated_paraphrase
Compare Rishikesh and Haridwar,destination_comparison,curated_paraphrase
Is Coorg better than Wayanad for nature?,destination_comparison,curated_paraphrase
Compare Mahabaleshwar and Lonavala for a family trip,destination_comparison,curated_paraphrase
"Which destination is cheaper, Pondicherry or Goa?",destination_comparison,curated_paraphrase
Darjeeling vs Gangtok for mountain views,destination_comparison,curated_paraphrase
Should I go to Alibaug or Kashid for beach?,destination_comparison,curated_paraphrase
Compare Hampi and Badami for heritage lovers,destination_comparison,curated_paraphrase
"Which is less crowded, Matheran or Mahabaleshwar?",destination_comparison,curated_paraphrase
Compare North Goa and South Goa,destination_comparison,curated_paraphrase
"Which is better for parents, Ooty or Kodaikanal?",destination_comparison,curated_paraphrase
Leh Ladakh vs Spiti Valley comparison,destination_comparison,curated_paraphrase
"Which city has better food, Mumbai or Hyderabad?",destination_comparison,curated_paraphrase
Compare budget between Agra and Jaipur,destination_comparison,curated_paraphrase
"Which place is more peaceful, Gokarna or Goa?",destination_comparison,curated_paraphrase
Differences between visiting Shimla and Manali,destination_comparison,curated_paraphrase
I'm going to Rajasthan next month. What should I pack?,packing_advice,curated_paraphrase
What should I pack for Ladakh?,packing_advice,curated_paraphrase
What should I carry for a monsoon trip?,packing_advice,curated_paraphrase
Packing checklist for a beach vacation in Goa,packing_advice,curated_paraphrase
What clothes to wear in Manali in winter?,packing_advice,curated_paraphrase
What should I pack for high altitude mountain trek?,packing_advice,curated_paraphrase
Essential items to pack for traveling with parents,packing_advice,curated_paraphrase
Packing tips for desert safari in Jaisalmer,packing_advice,curated_paraphrase
What shoes are recommended for trekking in Western Ghats?,packing_advice,curated_paraphrase
What should I carry for temple visits and ghats in Varanasi?,packing_advice,curated_paraphrase
Clothing advice for women traveling to temple towns,packing_advice,curated_paraphrase
What medicines and first aid to carry while traveling?,packing_advice,curated_paraphrase
Winter clothes packing list for Shimla and Kufri,packing_advice,curated_paraphrase
What electronics and accessories should I take on a trip?,packing_advice,curated_paraphrase
Packing light for a 3 day solo trip,packing_advice,curated_paraphrase
Things to carry for a water sports trip in Andaman,packing_advice,curated_paraphrase
What to pack for Kerala backwaters and monsoon?,packing_advice,curated_paraphrase
Rain gear essentials to bring for monsoon travel,packing_advice,curated_paraphrase
What to wear during wildlife safari?,packing_advice,curated_paraphrase
Checklist of essential items for domestic travel in India,packing_advice,curated_paraphrase
Travel tips for visiting India,travel_tips,curated_paraphrase
Useful advice for first-time visitors to Goa,travel_tips,curated_paraphrase
Tips for visiting Taj Mahal without long queues,travel_tips,curated_paraphrase
How to avoid tourist scams in big cities?,travel_tips,curated_paraphrase
Tips for comfortable train travel on Indian railways,travel_tips,curated_paraphrase
General guidelines for bargaining in local bazaars,travel_tips,curated_paraphrase
How to acclimatize properly in Leh Ladakh?,travel_tips,curated_paraphrase
Photography tips and rules at historical monuments,travel_tips,curated_paraphrase
Tips for traveling during peak tourist season,travel_tips,curated_paraphrase
How to save money while traveling across India?,travel_tips,curated_paraphrase
Advice for renting scooters in Goa or Gokarna,travel_tips,curated_paraphrase
Tips for hiring reliable local guides,travel_tips,curated_paraphrase
Important advice for road trips in the Western Ghats,travel_tips,curated_paraphrase
How to dress respectfully at sacred religious shrines?,travel_tips,curated_paraphrase
Tips for vegetarian travelers dining in unfamiliar towns,travel_tips,curated_paraphrase
Advice on staying hydrated and healthy while traveling,travel_tips,curated_paraphrase
Best travel apps to use for navigation and booking,travel_tips,curated_paraphrase
Tips for attending the Ganga Aarti in Varanasi,travel_tips,curated_paraphrase
How to handle currency exchange and digital payments in India?,travel_tips,curated_paraphrase
Practical advice for planning a smooth vacation,travel_tips,curated_paraphrase
What precautions should I take while travelling solo?,safety_advice,curated_paraphrase
Is it safe to visit the Western Ghats in heavy rain?,safety_advice,curated_paraphrase
Safety guidelines for female solo backpackers,safety_advice,curated_paraphrase
What precautions are needed for mountain road trips?,safety_advice,curated_paraphrase
Is street food in Mumbai safe to eat?,safety_advice,curated_paraphrase
Safety tips for swimming in the Arabian Sea at beaches,safety_advice,curated_paraphrase
Emergency numbers and contacts to keep while traveling,safety_advice,curated_paraphrase
How safe is nighttime travel by public bus?,safety_advice,curated_paraphrase
What to do in case of altitude sickness in Ladakh?,safety_advice,curated_paraphrase
Health precautions against waterborne diseases and malaria,safety_advice,curated_paraphrase
Are water sports in Goa certified and safe?,safety_advice,curated_paraphrase
Precautions to take when hiking isolated trails,safety_advice,curated_paraphrase
Is tap water safe to drink in hotels?,safety_advice,curated_paraphrase
Safety measures when booking houseboats in Kerala,safety_advice,curated_paraphrase
How to protect belongings in crowded train stations?,safety_advice,curated_paraphrase
Precautions for desert safari camping,safety_advice,curated_paraphrase
Safety advice for night walks in tourist towns,safety_advice,curated_paraphrase
How to verify authorized taxis at airports and stations?,safety_advice,curated_paraphrase
What safety measures are needed for river rafting in Rishikesh?,safety_advice,curated_paraphrase
General security advice for international and domestic tourists,safety_advice,curated_paraphrase
Tell me about tourism in India,general_travel,curated_paraphrase
What makes Kerala special for tourists?,general_travel,curated_paraphrase
Can you explain why Jaipur is called the Pink City?,general_travel,curated_paraphrase
Information about Indian tourism seasons,general_travel,curated_paraphrase
Why is Matheran an automobile-free hill station?,general_travel,curated_paraphrase
Tell me about the culture of Rajasthan,general_travel,curated_paraphrase
What is unique about Hampi ruins?,general_travel,curated_paraphrase
General information on traveling across Maharashtra,general_travel,curated_paraphrase
Why is Goa so popular among international travelers?,general_travel,curated_paraphrase
Explain the backwaters phenomenon of Alleppey,general_travel,curated_paraphrase
What is the significance of the Golden Temple?,general_travel,curated_paraphrase
Tell me interesting facts about Varanasi ghats,general_travel,curated_paraphrase
Overview of travel in Himachal Pradesh,general_travel,curated_paraphrase
Why is Hyderabad known as the City of Pearls?,general_travel,curated_paraphrase
Information on French heritage in Pondicherry,general_travel,curated_paraphrase
What makes Ladakh landscape unique in the world?,general_travel,curated_paraphrase
Tell me about hill stations in the Western Ghats,general_travel,curated_paraphrase
General advice on holidaying in India,general_travel,curated_paraphrase
Tell me about Indian street food culture,general_travel,curated_paraphrase
How many UNESCO heritage sites are in India?,general_travel,curated_paraphrase
Hello,greeting,curated_paraphrase
Hi,greeting,curated_paraphrase
Hey there,greeting,curated_paraphrase
Good morning,greeting,curated_paraphrase
Good evening,greeting,curated_paraphrase
Namaste,greeting,curated_paraphrase
Hi TravelMate,greeting,curated_paraphrase
Hello assistant,greeting,curated_paraphrase
Greetings,greeting,curated_paraphrase
Hey! How are you?,greeting,curated_paraphrase
Hi there!,greeting,curated_paraphrase
Hello there!,greeting,curated_paraphrase
Hey buddy,greeting,curated_paraphrase
Good afternoon,greeting,curated_paraphrase
Hi Travel Assistant,greeting,curated_paraphrase
What can you do?,help,curated_paraphrase
Help me understand your features,help,curated_paraphrase
How do I use TravelMate?,help,curated_paraphrase
What questions can I ask you?,help,curated_paraphrase
Show me your capabilities,help,curated_paraphrase
Can you guide me on how to use this app?,help,curated_paraphrase
I need help with this travel chatbot,help,curated_paraphrase
What travel assistance do you provide?,help,curated_paraphrase
List everything you can help me with,help,curated_paraphrase
What features does TravelMate offer?,help,curated_paraphrase
Help,help,curated_paraphrase
How does this system work?,help,curated_paraphrase
Can you help me plan my vacation?,help,curated_paraphrase
What kinds of travel queries can I ask?,help,curated_paraphrase
Instructions on using the travel assistant,help,curated_paraphrase
What are the popular dishes in Bangalore?,food_recommendation,external_dataset_cyberblip_hf
What are the popular dishes in Chennai?,food_recommendation,external_dataset_cyberblip_hf
What are the popular dishes in Kolkata?,food_recommendation,external_dataset_cyberblip_hf
What are the popular dishes in Mumbai?,food_recommendation,external_dataset_cyberblip_hf
What are the popular dishes in Ahmedabad?,food_recommendation,external_dataset_cyberblip_hf
What are the popular dishes in Hyderabad?,food_recommendation,external_dataset_cyberblip_hf
What are the popular dishes in New Delhi?,food_recommendation,external_dataset_cyberblip_hf
What are the popular dishes in Jaipur?,food_recommendation,external_dataset_cyberblip_hf
What are the popular dishes in Pune?,food_recommendation,external_dataset_cyberblip_hf
What are the popular dishes in Chandigarh?,food_recommendation,external_dataset_cyberblip_hf
What are the popular dishes in Ludhiana?,food_recommendation,external_dataset_cyberblip_hf
What are the popular dishes in Bhopal?,food_recommendation,external_dataset_cyberblip_hf
:question: What are the popular dishes in Hyderabad?,food_recommendation,external_dataset_cyberblip_hf
:question: What are the popular dishes in Chennai?,food_recommendation,external_dataset_cyberblip_hf
:question: What are the popular dishes in Mumbai?,food_recommendation,external_dataset_cyberblip_hf
What is the best time to visit Bangalore?,best_time_to_visit,external_dataset_cyberblip_hf
What is the best time to visit Chennai?,best_time_to_visit,external_dataset_cyberblip_hf
What is the best time to visit Kolkata?,best_time_to_visit,external_dataset_cyberblip_hf
What is the best time to visit Mumbai?,best_time_to_visit,external_dataset_cyberblip_hf
What is the best time to visit Hyderabad?,best_time_to_visit,external_dataset_cyberblip_hf
What is the best time to visit New Delhi?,best_time_to_visit,external_dataset_cyberblip_hf
What is the best time to visit Jaipur?,best_time_to_visit,external_dataset_cyberblip_hf
What is the best time to visit Pune?,best_time_to_visit,external_dataset_cyberblip_hf
What is the best time to visit Chandigarh?,best_time_to_visit,external_dataset_cyberblip_hf
What is the best time to visit Ludhiana?,best_time_to_visit,external_dataset_cyberblip_hf
What is the best time to visit Bhopal?,best_time_to_visit,external_dataset_cyberblip_hf
:question: What is the best time to visit Bangalore?,best_time_to_visit,external_dataset_cyberblip_hf
:question: What is the best time to visit Chennai?,best_time_to_visit,external_dataset_cyberblip_hf
:question: What is the best time to visit Mumbai?,best_time_to_visit,external_dataset_cyberblip_hf
:question: What is the best time to visit Kolkata?,best_time_to_visit,external_dataset_cyberblip_hf
Plan a 5-day itinerary for Cochin.,itinerary_planning,external_dataset_cyberblip_hf
Plan a 5-day itinerary for Hyderabad.,itinerary_planning,external_dataset_cyberblip_hf
Plan a 5-day itinerary for Jaipur.,itinerary_planning,external_dataset_cyberblip_hf
Plan a 5-day itinerary for New Delhi.,itinerary_planning,external_dataset_cyberblip_hf
Plan a 5-day itinerary for Chennai.,itinerary_planning,external_dataset_cyberblip_hf
Plan a 5-day itinerary for Mumbai.,itinerary_planning,external_dataset_cyberblip_hf
Plan a 5-day itinerary for Kolkata.,itinerary_planning,external_dataset_cyberblip_hf
Plan a 5-day itinerary for Bangalore.,itinerary_planning,external_dataset_cyberblip_hf
Plan a 5-day itinerary for Agra.,itinerary_planning,external_dataset_cyberblip_hf
Plan a 5-day itinerary for Pune.,itinerary_planning,external_dataset_cyberblip_hf
Plan a 5-day itinerary for Chandigarh.,itinerary_planning,external_dataset_cyberblip_hf
Plan a 5-day itinerary for Ludhiana.,itinerary_planning,external_dataset_cyberblip_hf
Plan a 5-day itinerary for Bhopal.,itinerary_planning,external_dataset_cyberblip_hf
:question: Plan a 5-day itinerary for Hyderabad.,itinerary_planning,external_dataset_cyberblip_hf
:question: Plan a 5-day itinerary for Chennai.,itinerary_planning,external_dataset_cyberblip_hf
:question: Plan a 5-day itinerary for Mumbai.,itinerary_planning,external_dataset_cyberblip_hf
